1.403378512600619521e+00,-4.846614778029305071e-01,-3.236248528516411094e-01,-1.015869501947282844e-01,5.035286858129716520e-02,9.110245423957658364e-03,2.212227364892840054e-01,4.060937297085152609e-01,-3.601747514333556843e-03,2.297657633344068195e-01,1.485415526398941866e-01,-5.289932458546903193e-02,5.886985347343333397e-02,-8.050902640833623725e-02,-8.136109281890570311e-02,1.512437103609633460e-01,9.706479934006594090e-02,7.929367094946235262e-02,-5.094716073169698600e-02,-1.549098715798467030e-01,1.994205214541626414e-01,5.415800885371035989e-02,-6.826574882824675006e-02,-1.191685216629972954e-01,6.984056262766843992e-02,2.630885476347767649e-02,-2.516780351857223971e-02,6.658346340193757595e-02,-6.671204305435898818e-02,3.497153072300888260e-02,2.715581369323260240e-03,1.242207806047762042e-01,-3.500140384840842028e-03,-2.273201487450365182e-02,-6.131117211042692167e-02,-7.741474359054816186e-03,-4.545888533360063766e-02,-1.187981037986672421e-02,-1.554961032570183546e-02
1.917269843149000730e+00,-2.906377421972393127e-01,3.888096167053987084e-01,-3.421462662430321214e-03,2.392916635328111788e-02,-1.485465859563448732e-01,-8.079826381862614815e-02,1.328177378657554863e-01,-3.624788076845523749e-03,-2.309680226430116390e-02,1.087017842151706687e-01,-1.662560624706880263e-01,1.036904561856254459e-01,1.274007993143066175e-01,1.499313987033403239e-01,-7.078171799088667226e-02,-1.208494569040413219e-01,-4.761822859539657955e-03,2.367443521991300336e-03,-1.161429933786743834e-01,-4.905571544953883645e-02,-4.459098143927002489e-02,9.961093295955085469e-02,-5.097975849644294233e-02,-1.108020001368843627e-01,1.642425646594586341e-01,-5.428489955183127269e-02,4.300607248477306827e-02,-2.270879791696225058e-01,-1.684830765864482327e-01,-1.354864363750147606e-02,-1.353346295891680595e-01,-6.468187679814683955e-02,-3.700624987853190755e-03,5.143748407899054187e-02,3.095922116503225797e-05,-5.850981316023090399e-03,-6.805289766454522549e-02,-4.810503173550960410e-02
2.085825254958763253e+00,2.754069644609024037e-01,-1.968414496486607934e-01,-6.865438935532926223e-02,4.009876784867301425e-02,-6.790258215763030070e-02,-5.673695365452190859e-02,1.626098036500047417e-01,-5.077634161697584109e-02,-1.148606822101846531e-01,5.014460970943609985e-02,1.300077550773283686e-01,-5.939916906033804872e-02,-6.992326947764863909e-02,-9.506900578097861321e-02,2.156842563009826741e-01,4.821252448434412002e-02,5.850604884912215253e-03,-1.668241937846414447e-01,1.076407022240515876e-01,2.173411077069188277e-02,-1.070393215568267858e-01,1.696218473072394137e-02,1.016630993963554552e-01,-5.547062113912870629e-02,-2.552594993425566852e-02,1.967503643259782831e-01,1.253727619939511151e-01,-4.957357556933340154e-02,-1.327959776916696477e-01,-1.133997417546516312e-01,-3.957271488251267594e-02,-1.052149233315235743e-01,2.201643329515435427e-02,1.340547572656065611e-01,1.388835639689224299e-01,7.174251619603765062e-02,6.581167909779549186e-02,1.333326606445134517e-02
2.161179247694807071e+00,-8.022662470411856539e-02,2.037033696571823038e-02,-5.262940215734248500e-02,1.394250945572067784e-03,-1.433700716666185260e-01,1.759469835480710065e-01,1.832284008926320373e-01,-6.835465602273013697e-02,1.879731601159688459e-02,-1.676603610864876026e-01,-8.976797713642398202e-02,4.855322661391928141e-02,-5.453223970604015314e-02,2.338795798571017409e-02,-1.140025552505721518e-01,-1.297142023652589002e-02,1.325125125487986999e-01,1.051748552459560171e-01,1.395127614483613332e-01,-2.455055716770505533e-02,-1.778226862321673901e-02,-1.526669807975036949e-03,1.101342069875738544e-01,1.872363661224905051e-01,-2.564138558495200268e-02,-8.588324989101048246e-02,-1.303290216168896676e-01,1.275622074911372805e-01,-1.722681766164782247e-01,-1.839449507524609506e-01,-5.689405922146305306e-02,-1.201951754107060816e-01,-7.230028823016730610e-02,-1.188495762069954192e-01,1.639082682257696558e-02,-2.681015258211670582e-02,4.976463311645068499e-02,-1.044991014915126054e-02
2.078211611223405253e+00,2.351342217907735344e-01,-3.463008969607730969e-01,1.973753217839816984e-02,3.673422157606251459e-02,-2.674503618950810346e-02,-2.199512422466737838e-01,4.010451205372209810e-02,2.039400920062018827e-02,8.771879613353528171e-02,3.808426941596750742e-02,5.033274051252103337e-02,8.402350533837850410e-02,-7.442586763216507521e-03,7.121235001606069509e-03,6.999866292775269727e-02,-7.076443836478672755e-02,7.772567124133379635e-02,-8.844330437573906870e-03,-1.000772083136201585e-01,-9.936977873513445914e-02,-2.420258150634453931e-01,-2.739243966486148638e-02,1.184940056443691686e-01,-6.270078048041324847e-02,-7.543377118543534432e-02,-5.087812045255545035e-02,2.508130869262346907e-02,6.660116677241530170e-02,-1.171516756966132222e-01,1.162388912953991327e-01,4.549036534604168451e-03,1.185320687334222300e-01,2.955991403204396781e-02,-1.871781802857740151e-01,3.892682712803400419e-02,-6.941660084864777203e-02,-1.676931882051009293e-01,9.445047260713201887e-02
2.209848972590903404e+00,1.890191699672008965e-02,-2.736317334973230597e-01,1.810630510161257700e-01,1.472048243428003729e-02,-4.927334338764278315e-02,-1.702353978193546780e-01,8.249246449074897070e-02,-1.236672141767816008e-01,4.110753736562674371e-02,4.911638236955909176e-02,2.433641898770625561e-02,5.865799987901663265e-02,2.506072761079432276e-02,-4.801095289120738824e-02,7.578012921459222583e-03,-2.143066632972113750e-01,-6.906010178661204507e-03,8.333049483193415152e-02,-1.173873785507785206e-01,3.570057063745739334e-02,-1.727529141578879740e-02,-7.786097571759205416e-02,-1.005475302429331523e-02,5.163612955464835438e-03,-2.084699645331327192e-02,-1.649347846515005628e-02,-7.879518016261767566e-02,6.972594334692329421e-02,2.684585762123536598e-02,-1.989532631757985268e-02,-9.237590632754395792e-02,9.476027144460535956e-02,3.675996105165427186e-02,1.954925166715842100e-01,-7.239219129824708832e-02,-1.846660713879867410e-01,1.845689015333055460e-01,-7.759904236333171890e-02
1.793337298020356130e+00,-4.123170791418526160e-01,1.864699219979502540e-02,8.838694929302590153e-02,-2.805316608776005083e-01,1.523597902538209037e-01,-7.159808381197430016e-02,-6.670236104676670330e-02,-1.872218130632086544e-02,7.313571820728272110e-02,1.987862953528105395e-02,1.245467446797146084e-02,-1.913522466474798511e-01,-3.131215645472502224e-02,-6.049673882580361428e-02,2.859326623600200734e-01,7.976739260207893478e-02,8.922367554869800599e-02,1.935297775428423406e-01,-2.470917947157752828e-02,-1.360970792370224669e-01,2.425694161406188321e-01,1.545067429136009474e-01,2.843884669349966074e-02,-1.727812231512724228e-01,-1.943018440239596689e-02,-7.340899736938513373e-03,-5.075636042930150443e-02,5.678470195227867251e-02,-6.186818959941161461e-02,-8.545598412663613086e-03,-6.303948726729030616e-02,2.227255332138627225e-02,-7.516802362981887808e-02,-2.620945867191487588e-02,3.506248102830544777e-02,-3.866157962448376478e-02,-4.966011624243488708e-03,-1.652071436020030940e-02
1.394050488261411314e+00,-4.041590727246568426e-01,-4.255102385655845643e-02,-2.801204218675281687e-01,4.909840763222428905e-01,3.334462244193164837e-01,-1.915961414064732554e-02,2.743301775878624615e-02,8.265788810743253390e-02,-3.625161425747757543e-02,1.227176086956810880e-01,-1.334986252945074559e-01,6.625611477930300197e-02,-6.792618466228395047e-02,8.710618464555125451e-02,8.057965945204029201e-02,-5.680025430569431155e-02,-1.432470716963264445e-01,1.304123188042946579e-01,1.573829664176695231e-01,-1.807315821904378894e-02,7.258555262257934682e-02,-3.763907404582444299e-02,5.020133814600833549e-02,1.293755914144256447e-01,-1.716329835655872136e-03,8.809800284338194232e-02,-2.815183558373228132e-02,4.319717547674786773e-02,-1.053636654894753028e-01,1.748655858838821797e-01,-4.556574032505343597e-02,5.125587146837166930e-02,4.718011117541102972e-02,4.421691568824984153e-02,-2.624439905833906433e-02,7.820111188428979787e-02,2.154359517729823384e-02,4.672325339293909030e-02
2.228112254520306923e+00,2.081877013057370773e-01,-2.145382028734363622e-01,3.243290919258820515e-02,4.586143617048815679e-02,-1.296984563824666870e-01,-4.312409416424319714e-02,-2.283958287093227485e-02,-6.932867516945853681e-02,1.515745533213266050e-01,-2.141762279973088434e-01,1.035766011998666240e-02,-2.163211149589361684e-02,-1.136347084819324532e-02,-8.651419380573883641e-03,1.057741382350615815e-02,7.260297507188370747e-02,2.868400445342360328e-03,1.137858557643218853e-02,-9.904597023493770525e-03,-3.654558406225908579e-02,-4.663582352495859729e-02,-2.139531822101966435e-02,-1.634680099061252834e-01,4.635004170984213800e-02,-7.057108703666957472e-02,-2.112112183207473168e-02,-1.435123906772675373e-01,7.314623926707116558e-03,-5.923263706716856009e-02,5.319653001805579873e-02,6.079136814058924698e-02,9.526782260408770200e-03,-1.313104816610045078e-01,2.610524921141236798e-01,-5.789426393713737601e-02,7.904981284840671696e-02,-1.413726988317595135e-01,8.576047605990255729e-02
1.925858804140998304e+00,-7.906306529608006506e-02,-2.239465549645786868e-01,-2.244844166337806035e-01,3.416565092708410134e-01,1.934952377397643197e-01,-1.045521914793941243e-01,-2.096495227763830183e-01,-1.091816727870194292e-01,7.079776320502808619e-03,-4.156724719694759396e-04,-7.332738097361646279e-02,-7.221030642658983478e-02,4.985525994265688210e-02,1.195075933799678025e-01,5.605536817310672465e-02,2.835771205894269467e-02,-1.088894466858328774e-01,1.327255421882900417e-02,1.319993550301860330e-01,-3.030370851485519185e-02,-1.154664785037586433e-01,2.446856551422848386e-02,-5.787405145359513642e-02,-1.334940573316560977e-02,-4.051728302398630022e-02,-1.086277942696815962e-01,7.716640956146958441e-02,-8.931215819752916230e-02,1.200874935549021000e-01,-2.243983088004041226e-01,8.030094210726741732e-02,3.835446837326355468e-02,-9.957779952422914083e-02,-2.550505498825971634e-02,7.394385138511214151e-02,-1.498681390474137787e-01,-2.433001584640114359e-02,-7.004749095059518982e-02
1.854161094232508855e+00,-2.715381320555809719e-01,4.577602546944719020e-01,-1.530587791232403683e-01,6.456370064144019427e-02,9.480058875779696914e-02,6.341038762912455662e-02,-1.638172266646362452e-01,-3.613675640421531304e-02,-1.242638072672607452e-01,-1.799641431798033597e-01,4.312255041373792841e-02,6.544138407583161010e-02,-8.421535596309996652e-02,-9.984510734762970519e-02,-2.049200152609238421e-02,-3.047947606471202581e-02,9.735398204197984184e-02,-1.009181448812386112e-01,-7.192740919098079833e-02,8.095204128274406663e-02,1.743054157329361475e-02,-7.123129396469313201e-02,-7.751049283728983497e-02,4.864125958243702662e-03,-1.250405027864067986e-01,8.347376068789168213e-02,2.582889793601399475e-01,9.960709127441468025e-02,-5.122703682992515994e-02,2.086986150031690940e-02,-1.301773271331618520e-01,2.814805213590134553e-02,-1.315573008981934522e-01,-1.408820409266456179e-02,-1.353235687423698652e-01,-6.057170919850018986e-02,-5.892406139950780858e-02,-5.060440296927028875e-02
2.076883389056456863e+00,9.706023820486403553e-02,-1.483201695095319461e-01,-2.634285825696082717e-01,-1.115082775293847889e-01,6.691883735307634258e-03,-6.742997658778021597e-02,-7.785563080999560737e-02,4.801602995880643182e-02,1.898745183048711482e-01,-1.314212179278558337e-02,-5.108305069889676128e-03,-9.690223165571187902e-02,1.476429148096068678e-01,1.773350280645907551e-01,-1.628356715876129457e-01,1.709131039530668583e-01,1.836051927314059085e-01,-3.195159038495903187e-02,8.306841992044977641e-02,4.669827202157086909e-02,6.951139460637121605e-03,2.788233492878857550e-02,8.646285459113721428e-02,6.291354719512530155e-03,-5.792238203636947136e-02,6.206247607730531329e-02,3.420892166694027708e-02,-8.051880600544797373e-02,-3.536005786212809317e-03,2.473711738651542813e-01,3.326589640632553885e-02,-1.198261143039440479e-01,-6.655917520131730825e-02,2.626612758363568861e-02,2.205345297601607468e-02,-8.522453298399040866e-02,8.142903509565194153e-02,-9.945923539531803526e-02
2.240989221726890968e+00,2.009694614497287493e-02,-1.193255425623305360e-01,1.062342859955069801e-01,-1.618006698472680138e-01,-2.382152928926012381e-01,2.955693215232007426e-02,1.015762388719566311e-01,2.809784827768048096e-02,-1.419630198714905700e-01,1.204342200352462172e-01,8.503423975944884861e-02,-4.426433439996216995e-02,4.645037906853901472e-02,1.161590604584877839e-01,-8.844297979914117827e-03,-3.612024974591605039e-03,-1.117814965505880553e-01,5.348743400601271153e-02,6.294870329329785297e-02,1.435810379776335591e-02,7.513837738706871661e-02,1.953127406917625278e-03,-7.141695902533391760e-02,1.142420396975193236e-01,-4.190291162006470199e-02,2.218441098587008165e-02,6.033344139141855536e-03,-2.376489545587883237e-02,3.403802414679276550e-02,-1.336499851756693669e-02,-3.269577363829996586e-02,1.720055014166050888e-01,-1.285515030786051893e-01,-2.999065712461037453e-02,4.438927758971632914e-02,1.556326734032893733e-01,-1.272655485818816878e-01,-1.617682712891943819e-01
2.077315650412295600e+00,1.884804219970747374e-01,2.235220890882252953e-01,-2.808854286504964270e-01,-1.847035019919621504e-02,-1.407877375536630560e-01,-5.647012397911013726e-02,1.288938493818859166e-01,-6.742387633310908783e-03,-8.773189051172381250e-03,1.375321295073669570e-01,5.485900158336683152e-02,6.052973062279944777e-03,1.648211059610607265e-01,1.219149453496354112e-02,-3.399588572939313269e-02,4.930275195532522921e-03,-1.183393893054401035e-02,-1.244779550962385323e-01,7.842249153899253505e-03,-3.454710447386992456e-02,3.869574958682692190e-02,2.100142478213074260e-01,2.608456523875896452e-02,5.318107837220178991e-02,2.658886167506729903e-02,-1.180371898746157971e-01,1.108621352388748788e-01,2.656353194421842145e-01,2.329919364590728875e-02,2.805613052799057344e-02,8.412141556385988039e-02,1.249956842992437922e-01,3.859765610580198625e-02,3.099861060869464960e-02,8.082479197815279834e-03,4.049367710260628334e-02,8.676980232973155460e-02,-3.391560496572296191e-02
2.093204546048709869e+00,-1.981965649582334843e-01,5.230769472130635672e-02,9.757553233547373861e-02,1.325180485693838173e-01,-2.419081013435470662e-01,1.057136042384373698e-01,-1.213981021951261313e-01,3.194507705959984123e-02,-1.103767623852226071e-01,-1.151827991870543189e-01,4.260123467120850022e-02,1.361353473033814487e-01,-1.608662558572667711e-01,-6.194491211796635671e-02,-1.234786062726049571e-01,-9.620174470262511657e-02,1.039833848032225595e-02,1.864597586586382305e-01,-1.126800838231937184e-02,-2.668527768203263553e-02,3.863019259367153624e-02,1.059316223074031893e-01,-1.417348828260018845e-01,-6.379972663184428627e-02,5.563306023032982967e-02,6.447495735632970126e-02,8.208679696667758874e-02,2.190570799754920639e-02,-4.672021324597110635e-03,8.934190074908626711e-02,1.922084296870850972e-01,-1.808091468593215484e-02,1.771359119707531515e-02,1.032652702561632531e-02,2.331882776473792607e-01,-5.927165058974839806e-02,4.158020903799476697e-02,4.652425716450685894e-02
1.751873507046605383e+00,-5.471587816856825492e-01,3.717470369072838760e-02,1.017126264467579089e-01,-2.197286666584187531e-02,6.405369745054538544e-02,-5.525341742003619244e-02,-9.900255792028704073e-04,-4.335468363224764810e-03,-4.184016635815909074e-02,-9.793640603560176128e-02,1.358557574480734609e-01,-1.671713998290688119e-01,-1.064927692760018751e-01,-2.121332268719016215e-02,-1.197884638107735711e-01,2.700949893554429604e-01,-2.649805422292827450e-01,2.045827413736451758e-02,-1.372927432559215011e-01,4.933866300437516478e-02,-1.621081396107828809e-01,-1.052398992619862500e-01,9.324893225040006839e-02,-3.459984833719479541e-02,1.822931430259296104e-01,-1.331864746992198201e-01,9.445516746557358623e-03,8.572665979498041156e-02,-4.439005854611835500e-02,4.412838664269864986e-02,-3.144268331478138057e-02,-2.128144125634314279e-02,-7.496017055338073318e-03,1.817139643342340419e-02,2.791879160035167645e-02,2.995354440155314699e-02,3.850707511610758360e-02,-3.118300569706045078e-02
1.459104715882146852e+00,2.453114740569378727e-01,-2.282489461498510563e-01,-2.845555424363042582e-03,-4.076030944630653075e-01,3.396789722246492116e-01,-1.138781279749699477e-01,4.318061199347052181e-02,-1.062313338242620447e-01,2.053634236962149570e-02,-1.851995884827475070e-01,-1.129082853989438612e-01,4.260552269190269747e-01,-7.272904656517921451e-02,6.282431149274317339e-02,-9.012998037842738855e-03,1.531403217529956895e-01,-1.263032597526015932e-01,-8.672585082806447132e-02,-1.415183289723257430e-02,-8.914943764814720062e-02,6.731537648396788975e-02,9.076458220992603132e-02,-3.110092024957731779e-02,3.404477158709925261e-02,7.241536717843599646e-02,5.967527375211188756e-02,1.838680904616523878e-02,-5.893379652176329239e-03,2.934145255319731832e-02,-2.464970439179953177e-02,-1.566395239052845514e-02,2.207197411986954946e-02,2.018976200092626946e-02,-1.618164839577459005e-02,1.355022481146020419e-02,1.186433262563445397e-02,2.283659065722053877e-02,-1.826599198591830758e-02
2.214717855769849919e+00,-1.553339421985590607e-01,-1.983149717892901676e-01,1.407996908156048180e-02,8.689730360843789247e-02,-5.825374818771322100e-02,1.341973880942554653e-01,-1.074096420744935637e-01,3.174347636421738332e-03,2.056241152151040696e-02,-1.530929229534013988e-02,2.538608934881359663e-02,-6.097612382549612298e-02,2.402311987845051275e-02,6.058804146044680788e-02,-1.553892008768778532e-01,1.594519641348108030e-01,1.185075943115188046e-01,9.815968333487166964e-02,-5.099422722163356181e-02,1.866106883571265473e-02,4.393193310969558535e-02,1.010797491951365840e-01,1.240382088046981107e-01,9.531607700098287603e-03,5.769786117392956826e-02,1.767887021591005858e-01,4.502127908851660115e-02,-3.370937439710397499e-02,-9.618072158379139744e-03,-1.685502402927337162e-01,4.301696649825210300e-02,1.347054868781486225e-01,2.241086923723185353e-01,5.600206903554497129e-02,-1.501746774806317075e-01,-1.825672957899032375e-02,-9.757968585317786103e-02,4.018012662105745897e-02
2.032146154029037977e+00,-2.289583270837702300e-01,3.265977667597376177e-01,-1.403699326572305506e-01,-1.566734896764908069e-01,1.539092472236845421e-01,-7.210320628058308756e-02,-2.597230851122665427e-02,-3.062776025877820413e-02,-1.211429451825955621e-02,-8.587113613556060510e-02,4.947422972158096142e-03,-1.156217211567370229e-01,-1.220299972633819008e-01,1.348245268208679050e-02,-5.840188132820895578e-02,-5.842172932152672055e-02,1.593918611169344579e-01,-1.747731024128480470e-01,4.972701623455878447e-03,-4.577512216615024776e-02,4.529798245466895579e-02,-2.002949805094031699e-01,-6.241195789243050851e-02,5.465018623005931525e-02,-7.237420302908191549e-02,-3.660632374855311844e-02,-1.295569534830467162e-01,-8.836089347008775630e-02,-1.704301354310686079e-02,-2.222976036638414296e-03,5.301907543952644880e-03,1.422082080361104228e-01,1.961163457035499935e-01,-3.285443552077879376e-04,1.742007959080091595e-01,2.749363385531558915e-02,-8.053480064943252612e-04,-8.705817420065199708e-02
1.946360165514627649e+00,-1.693185282682990733e-02,-2.636969877475042398e-02,3.151405830785092288e-01,9.132120606138963148e-02,-4.248005623222417954e-02,4.678367452547688848e-02,2.506554865708825620e-03,-3.091799102862796134e-01,-1.702576941691534007e-01,-7.473975530046668425e-02,-2.536912281200320862e-01,-3.363664137345272892e-02,-1.006026728394597836e-01,-3.179103787804229281e-02,4.168522486362322838e-02,-2.911253757160044489e-02,1.137273346198060080e-02,-5.264007445632912230e-02,9.554276956444356442e-03,1.917417703131687745e-01,2.229586785314811165e-02,1.599300289953869136e-01,1.851289510612207090e-01,-4.266941870042210289e-02,-1.243755818661659851e-01,-1.506225739801827779e-01,-4.164660036302125085e-03,-3.298766690932822265e-02,1.360162493501050063e-01,1.146871519989905025e-01,-1.528881663300283786e-02,-5.319918326644140771e-02,7.241740227669438146e-02,2.294920233085138636e-02,-8.086549773323644654e-04,6.380682894091029012e-02,-6.173625238907263363e-02,-7.413980915763443945e-03
2.206075599223554118e+00,-5.700503837311915456e-02,-2.548865287927716272e-01,1.649819761376914162e-01,-1.075177245242439072e-01,-1.268036909459152595e-01,-5.226719543593476985e-02,1.229377029168255420e-01,5.132314747227173513e-02,-1.113265257674029285e-01,5.721472450779247626e-02,1.333049737265609713e-01,1.231847985587428314e-02,-5.001757886431803385e-02,3.763985725340226324e-02,-1.591073690545466157e-01,6.975804760928362150e-04,-8.406266304431381231e-02,5.137421094359770346e-02,6.770948448165473033e-02,5.928692954835398932e-02,6.427667492668662219e-02,-6.405212253970457570e-02,5.247279556761823976e-02,-1.589434741365456510e-02,-7.701598323484355746e-02,1.167013432990609972e-01,-1.334605741417368811e-02,-9.416919123311612294e-02,1.530751228691634158e-01,3.166314309301521829e-02,-1.701572022463303246e-01,3.919095354927214225e-02,-7.502700484220628518e-02,-9.581762673076131553e-02,2.091213275912695915e-02,-6.516725740421046298e-02,5.027225079641658295e-02,1.233602837982417655e-01
1.035787308390986761e+00,4.422220012071998996e-01,4.368529325846857714e-01,3.549558991842602929e-01,8.193525793540466784e-02,2.291981694944536796e-01,1.406754164657138817e-01,4.220472877195461520e-02,-8.226009842581208376e-02,3.148197842393821166e-01,3.126972790843705885e-02,3.174685025898066892e-01,-3.327215486555488988e-02,-1.897883868586761336e-01,2.817135421181914401e-01,1.769908394870451165e-02,-1.089986381204769983e-01,-5.754079221278256967e-02,1.258125297672414017e-02,2.025542184422953959e-02,9.643695952033740082e-02,2.799407849874373418e-03,1.107237787395816409e-01,-3.878771510484601420e-02,7.960182238713753300e-03,-1.137155756634830768e-02,-2.268465940815178258e-02,2.416471478931128680e-02,8.296634284393403572e-03,-9.205157827530398643e-03,-1.079750210906560946e-02,-2.691619674077378246e-02,-4.388531236415234293e-02,3.715709759706786047e-02,-1.214344591728269522e-02,-6.014869502195379844e-03,-3.819742860997274014e-03,-1.440404705132133922e-02,9.663951220363916836e-03
2.248292025991138310e+00,7.450904880931495666e-02,-1.608675269136156383e-01,-1.591152261402576651e-01,2.202367890368712305e-02,-8.464883098592825006e-02,2.241665070273861360e-02,-1.356885943858562593e-01,1.270823843011633161e-02,1.519141635659435052e-01,-3.972693269482863859e-02,7.555791820395146852e-02,9.921972354701244501e-02,4.885237987203011611e-02,-8.896716780051661111e-02,-3.638538133276142481e-03,-3.683306226990847032e-03,-4.999425406455677845e-02,1.627016368055704265e-01,-3.017848384377426821e-02,-4.052143736416992381e-02,-2.291384885163425672e-02,-6.087449593069837323e-02,-5.735888640816992623e-02,-1.155507746443207862e-01,-1.918476825433435839e-01,-1.283972279994650689e-01,8.696367969819841781e-02,-1.196609001842365294e-01,-3.120775407049602296e-02,-3.389056236325764526e-02,-1.058528655846805670e-03,-3.311212110534388076e-02,9.450485241703281136e-02,-8.661522911870842001e-02,-9.651374971011658643e-02,2.299946025038360209e-01,1.610178600977148211e-01,-3.668278318510898028e-02
1.305629036264330800e+00,-5.318126699540378644e-01,-2.121917578212518529e-01,2.493187737874696663e-01,-2.741612665380781522e-01,8.692230936675138242e-02,3.040604921850417197e-01,-1.852918736189664572e-01,2.224460816138927599e-01,1.150194475725389437e-01,1.303554176845070356e-01,-8.659509473271777280e-02,5.783090103122061343e-02,9.290279961775685380e-02,-6.043073513098447952e-02,-5.366878851750249424e-02,-5.889686221509182057e-02,-6.968434722385977165e-02,-1.514626278990192365e-01,2.019221397656429384e-01,1.156613189390717084e-01,-1.561084388273096535e-01,7.996219737544289774e-02,-1.008978204624126490e-01,-1.271771136220883336e-01,-6.688706963604067190e-02,-3.719171605182003751e-03,-6.974180876622007585e-02,1.016638268038779491e-01,-4.692212726969852837e-02,-1.417509265787590678e-02,-6.090769319719507163e-02,1.018961957653187304e-02,3.991170856524565297e-02,3.457676052604680139e-02,2.048604558483351629e-02,-1.609933987965926974e-02,-1.775922816876830332e-02,1.379127455331439350e-02
2.100038851015330721e+00,1.677191240779928316e-01,6.151482681429835953e-02,-1.085458609187253953e-01,1.483870251524527784e-01,-2.579665526095231143e-01,-1.444850601835985168e-02,-2.144802858682929095e-02,1.844244436166321555e-01,-9.387624299814308071e-02,-1.665912896798195245e-03,8.044204071318059035e-02,-1.064907887042484264e-02,-7.041973585579799910e-02,-6.973698558946336834e-02,1.413581740438891177e-01,1.586108988668334108e-01,-9.019952195557540131e-02,-9.516247269608990589e-02,4.402372150859630573e-02,-1.289193940649084880e-01,4.778696347722009158e-02,9.623218323963966814e-02,-1.745417627882372980e-01,1.172502985505840117e-01,-2.306020193606337504e-02,-8.728998843934875074e-02,-7.035925720693592123e-02,-3.008305031712858735e-02,6.208548286033466895e-02,5.605503665863363627e-02,-1.243904675226095297e-01,-1.321438921711327596e-01,1.692245868701322542e-01,-4.412946139853489436e-02,-7.685337665334962542e-02,-1.416268615031179012e-01,-4.127858274983564613e-02,-5.371557053817930041e-03
1.653855846479239222e+00,4.380667299380956448e-01,1.039877880680377675e-01,-4.566878453060654874e-01,-1.257035357701870304e-01,1.588904209253665534e-03,1.669964587207616036e-02,4.020834216380159143e-02,1.160415640931576481e-01,2.734397279644434908e-02,-1.086997062295373406e-01,7.152221216431346729e-02,2.048283287731278088e-02,-1.085325617499279249e-01,-1.836320959449932455e-01,3.064160810219751854e-02,-1.037822789004941848e-01,2.622029429345784646e-02,5.176492843564820673e-02,2.425689595578622015e-01,1.668916691242970929e-01,2.570946656778777886e-02,-2.034680280206138669e-02,8.401961617400921511e-02,-1.245627499218678741e-01,2.440856646403011532e-01,-1.108510778399985491e-01,-2.808433653641911887e-02,-9.351493527155863017e-02,2.404564683326424618e-02,2.843009804206400593e-02,1.352216024705640667e-02,1.009754614558291547e-01,-3.235358838079901295e-02,1.075905745439772326e-02,-8.373748532407442047e-02,-2.655325308923211711e-02,-4.193215397258803073e-02,-9.805354912542111820e-04
2.190907998703706561e+00,-2.673539106800144616e-01,3.408484900034412513e-01,-2.217681274738287633e-01,-2.926353067933470942e-02,2.039704228049731005e-02,-1.140625060297200261e-01,3.745139697081775743e-02,-6.708761858973812109e-02,2.728562065400016480e-03,2.534418446468265224e-02,-3.041875618889896410e-02,-7.344319213438067762e-02,7.233253653590773768e-02,6.339021611143759449e-02,-3.952220228139752267e-02,1.659492943571429582e-02,3.253681143380397767e-02,-1.265997582355037065e-01,-2.631178345229660126e-02,1.087130050155963971e-02,3.522021568788456791e-02,3.638529927968367494e-02,-7.292866826171358341e-02,-1.524392263973462294e-02,-1.139405415044331300e-02,-4.335469106965063324e-02,-3.879899797862213645e-02,-3.673028062808234018e-02,5.945968025506406102e-02,-6.494930676974351724e-02,3.521207982807801010e-03,4.522353593758112605e-02,-7.133012121752792256e-02,-1.574160909720974388e-02,-9.206063702688492903e-03,5.157070010627818474e-02,9.348480237747869293e-02,3.218182258482141234e-01
1.789083162341966071e+00,4.666857577526802026e-02,2.990545891687611535e-01,-2.575958606029440379e-01,-2.356882173017469662e-01,6.824209111618845247e-02,1.228958002053524845e-01,-1.073677328378683515e-01,-1.354401955215157605e-01,-1.416014353332946119e-01,-7.244614659519429956e-02,8.569737500887790460e-02,2.961345736174293697e-02,3.000933256552011930e-01,2.927287718136246594e-02,2.235200904297593993e-01,-2.983256167290966598e-02,-4.043053953849111426e-02,1.818887385549593227e-01,-9.485595392819282101e-02,1.881441792423788339e-01,-1.658246561357130666e-01,-1.671357801246036584e-02,-3.240660847271813888e-02,1.125010734457895650e-01,3.016390257702642255e-02,1.173811749273858812e-01,-1.069218542177936965e-01,9.930265879674615020e-03,4.915978131396644968e-02,3.363338250907663834e-02,1.246688409998831203e-02,-5.578899540127367496e-02,6.227930176288857395e-02,-5.004004762320206356e-02,3.908816811977171291e-02,-1.124157139461435043e-02,-1.596313300036165950e-02,1.653412296756483907e-02
1.885029906748479034e+00,1.450751295666421192e-01,-1.167289852541595341e-01,2.399854185596095590e-01,5.395446066648577205e-02,6.793637835150542759e-02,3.043156318942660810e-01,1.656313356685411575e-01,-1.194147553391123745e-01,-2.696150024442340865e-01,-4.510648870109371794e-02,-1.726516770296213782e-02,-5.961977485774604124e-02,3.720610024718811609e-02,1.952722827111393056e-01,7.690512110465284878e-02,1.259785586362934494e-02,1.043146418016898946e-01,-5.068927859919496182e-02,9.451733477166464337e-02,-1.982258305672195964e-01,-6.002924336081412460e-02,-1.531307644851696570e-01,-1.038093460301948573e-01,-1.903767057721922895e-01,1.010332249893811513e-01,1.276572253026387639e-02,-8.165980564518506360e-03,4.754099288411409857e-02,2.813932257688551986e-02,7.336796863241387689e-02,8.471850496407482001e-02,5.982903844324834360e-03,5.102366235971841565e-04,-4.645544860491181149e-02,-1.347804353941331190e-01,3.989012509028376854e-03,6.788722514672579367e-02,-1.084304446833842320e-02
1.939905359689313880e+00,2.354049349532444935e-01,1.905284322236231592e-02,2.184876388902861066e-01,3.233112382020308928e-01,-1.107605764929159575e-01,-1.900127772136175203e-02,-2.116643206279697487e-01,-4.096378921526527828e-02,1.944730519213526965e-01,-5.195037679797050167e-02,-1.355884229222505677e-01,-8.238815738211047179e-02,-2.368666996094021329e-02,-1.280350183851117485e-01,3.563990366497146733e-02,-2.289409928045031684e-02,-9.184837164755277729e-04,-1.548620545638570434e-01,-8.543462302629793725e-02,8.976126433426458856e-03,-4.010574905891479969e-02,9.426601234586899636e-02,-3.106267215601159898e-02,2.695282707645079226e-02,1.713642892316802058e-01,1.924811313585660932e-01,-1.349393367719051162e-01,-9.914672059475932234e-03,2.006667867879435851e-02,2.093183442044699999e-02,-4.302585519853401735e-02,7.481514568563021883e-02,-8.579032137742968744e-02,-1.615327809282391669e-01,-1.326256132096161229e-02,7.920145719437980680e-02,1.042360117306669748e-01,-7.205198247348393314e-02
1.572714725800808955e+00,3.921739124995733405e-01,2.152933929359688026e-01,2.088499976140829328e-01,-9.156763528606408353e-02,-1.940718067177013562e-01,-1.816638105344204890e-01,-2.504547305015371664e-02,3.434677089666241523e-01,4.543806951154462370e-02,-1.062789632082758867e-01,-3.054573481128411983e-01,-5.385756739729476855e-02,-3.006879926057064861e-02,2.110786143364925538e-01,1.364672179643081074e-01,2.415853438117444851e-02,-9.369113797382883080e-02,3.201074828558326396e-02,-2.739153920708900514e-02,1.637283446777411389e-01,8.084717850727692057e-02,-1.765938095528866714e-01,1.572850913959197156e-02,-5.447104748857235085e-02,-2.696025005907113151e-02,2.767361709872987602e-02,7.351341112636507191e-02,9.955690155131846630e-02,-1.845395910216854687e-02,-6.837939524140368430e-02,6.503650391022350319e-02,-1.356365289953600541e-02,4.069694304680697428e-02,-6.430802042149445612e-03,3.080718575616021079e-03,-1.730531236553112945e-02,2.013716720994024323e-02,2.265591427794747328e-02
1.925029425847799791e+00,-3.592817160010559063e-01,3.399314952861897665e-01,-1.496891534764311638e-01,2.827896257385118309e-03,4.725866186438631295e-02,-1.571232472574968786e-01,1.278446223729477471e-01,1.657941046656969675e-01,-6.083407689648610839e-02,5.510931885773952266e-02,8.623377405451264355e-02,8.671796247569880933e-02,-9.792514497806537044e-02,-2.013459529810191634e-02,-4.632612570856057405e-02,-9.454437222663444884e-02,-7.928007845398403475e-02,-6.279130060734201824e-02,-6.509876619529608721e-02,-6.234527262727765362e-02,-4.757728388287754684e-02,5.454498421488809812e-02,1.312969439146305373e-01,-1.086241736658363766e-01,-1.248210887411852626e-01,1.206396240514948925e-01,-1.892085894446945693e-01,7.727051663470307745e-03,9.166140483082228785e-02,-5.427856489170652249e-02,2.064586814542763438e-01,-1.198644726025995394e-01,-5.609990651934380901e-02,-6.985820092202349278e-03,-1.186067850360440212e-01,1.105890380518207566e-02,-4.126192201968117285e-02,-9.087519290131911009e-02
1.269410425349706051e+00,2.053437428594864778e-01,7.236201646749025607e-02,4.651090149430739396e-01,1.488600759172765131e-01,3.784050076551611630e-01,-1.397982659994168389e-02,2.942624645793155413e-01,2.654858785836533008e-01,-5.925511733379840856e-02,-2.472721519178267824e-01,1.544112444391107682e-02,-1.240151597462150201e-01,2.685884832534746192e-01,-1.991094616361835934e-01,-7.636747185327293075e-02,-3.681087261522680149e-02,-2.043626070961503463e-02,2.524003054062715079e-02,-8.378322466768077861e-03,-1.950514868768804880e-02,1.524307255838984985e-02,9.295622472877548836e-02,-1.230508023981301442e-02,6.744874000841229178e-02,-4.919472697814869511e-02,-2.524941695732834182e-02,5.615205248864842125e-02,-9.076533663035334099e-02,-1.882139834407450807e-02,3.460080660985369230e-03,3.776435578464411996e-02,2.591018972757854269e-02,2.920704136050915854e-03,-9.241174080907755758e-03,2.342882543060558626e-02,-1.519351616856234009e-02,4.074764905659133442e-03,2.244327337342580256e-04
9.229405119275072567e-01,3.367103098453428506e-02,6.472199681766465096e-01,4.668189834024363827e-01,8.842974393278056622e-02,-4.936884072682237029e-02,-1.866441059541473768e-01,1.646946728647940769e-02,-1.951932390794402505e-01,1.149816194206864373e-01,2.298359645605817236e-01,-1.351092907051132733e-02,1.690536514168190507e-01,1.024450808531594814e-01,-1.883379660931497612e-01,-1.924757926768426095e-02,2.299814135956357031e-01,4.685743201160472854e-02,8.958760878836016794e-02,2.144402675168943229e-01,-9.920458130714055953e-03,-1.233489941720234025e-02,-1.530917481193639906e-01,-9.814989338383166631e-03,-1.516948458509958034e-02,-2.201494381821068273e-03,2.480297268025758589e-02,3.043694381958992213e-03,8.319062528788100444e-03,9.263201118876780368e-03,1.766942939819123645e-03,4.872722668116086231e-02,1.020502559359295902e-02,1.144382846494098466e-02,2.049026728351130617e-04,-1.608150194436658428e-03,-2.850772525321007556e-02,-3.563027206946351583e-02,-4.576265285636023881e-03
1.604780273076376274e+00,3.105021640227032531e-01,-2.107688528940685202e-01,2.066732981394943103e-01,2.184432947501011371e-02,2.590799633971915261e-01,-1.646907329458520142e-01,-2.152719974862987440e-01,1.858265153998479857e-01,-2.942813148642592913e-01,2.643072889539681558e-01,6.000440060771806278e-02,6.986123661375888416e-02,-1.049420860375105541e-01,1.267724169918474190e-02,-3.430213208514908130e-02,6.605048735575848318e-02,2.650777217889359050e-01,3.464172422272723817e-02,-9.240727339612174462e-02,1.423667482300733644e-01,-1.894321276218284208e-02,3.454074775709656264e-02,-7.669138456433964579e-02,7.753465810635937205e-02,6.593193741136534058e-02,-1.100297652099111456e-01,-5.630458767761078315e-02,4.176997330352474544e-03,-4.397771171919084843e-02,-4.414229428956152612e-02,2.024799296169723165e-02,-6.107624311285928670e-02,-5.760071340020149477e-02,1.099611014858833773e-02,-2.188341769788121338e-02,6.604938482932769250e-02,3.091456274542098495e-02,4.149011277598989994e-03
1.718233545160374964e+00,-4.345147403763869876e-01,-7.618302266549507873e-02,2.780323850601938984e-01,-3.413228226917386365e-01,-3.840767412458585828e-02,-1.098836643016029152e-01,-1.350527276136148647e-01,1.965643730950492052e-02,9.974748502041355658e-02,1.786865506689721064e-02,-1.743368604192023497e-02,-8.882442928561121165e-02,-5.513917696859043510e-02,-2.951856563793422983e-02,8.418897994385654560e-02,-2.071120141946689586e-01,3.607661091025734373e-02,-5.540651324605358821e-03,8.841985741815128197e-02,-1.669447504927203674e-01,-7.528912958464357985e-02,-3.888533842461558421e-02,6.636179448065113173e-02,2.576121879005612847e-01,1.293137326018232169e-01,-9.961054133367392219e-03,1.750494348363632047e-01,-4.854479230590056510e-02,9.809255714689842087e-02,2.339925972138348631e-02,7.571045842465810860e-02,-9.227265887386552901e-02,7.353329554703783369e-03,1.899596188745369257e-02,-8.451479625001909191e-02,4.254462888845982754e-02,-1.388174139047865935e-03,3.687215110636942600e-02
1.035689005225773673e+00,6.722884184300192967e-01,1.929912619763930748e-01,-2.087448929920091567e-01,-2.946542273019291391e-01,1.360979653137127654e-01,1.778990827906695993e-01,4.771223196469384642e-02,-7.954187181136136708e-02,-2.568004305319172148e-02,2.390054476956105789e-01,-2.468132195240494708e-01,-2.201610335758653614e-01,-1.810197315656041084e-01,-1.362015923335932188e-01,-1.445991522473947244e-01,1.365748291363787920e-02,-1.423015961102279681e-01,1.098356768314703580e-01,-7.282055681841292927e-02,-8.710836844507582888e-02,-1.087738576800601348e-01,3.219058114229195189e-02,-6.680240641370596699e-02,4.283066267971487318e-02,-8.416398342285842660e-02,5.827905535008948840e-02,3.079406280031661211e-02,-3.494172063158251101e-02,-5.844121361736565046e-02,1.844430168945108972e-02,3.107237434641515680e-02,1.265519918347780652e-02,-1.500466720874306208e-02,1.961922217720218648e-03,-3.033828028323571485e-02,-5.906808150650266764e-02,1.224125784732040846e-02,1.655361517399145388e-02
2.154685779064724915e+00,2.219079394961233909e-01,-8.368661750333314386e-02,-2.091020279658028225e-01,1.348623836386408370e-01,1.442356717824217482e-01,4.585040870274364327e-02,7.903921864658167151e-02,5.138849313267998542e-02,1.416727244066675051e-01,5.439402268356960390e-02,-6.885460835663072265e-02,-1.357032474131250957e-02,5.472173728155155931e-02,-6.074602387693782413e-02,-1.073177311331556250e-01,-5.976938877429430197e-02,9.479454526241168355e-02,7.110606722156997961e-02,-7.318083014347438742e-02,-9.071630487614254501e-02,2.153620716437429014e-02,-1.064704742417448419e-01,-1.971796626762007884e-02,-8.970064625393020519e-02,8.626917164546607508e-02,2.696064611770039587e-02,3.256326649447670307e-02,1.673173977911760479e-01,2.395134192218421332e-01,-4.793697496929946733e-02,-1.558443116701108688e-01,-1.561651794850520691e-01,2.947245682054635066e-02,4.409564021309202858e-02,1.106862973335013267e-01,9.770994352041693920e-02,-1.212200983772641627e-01,-9.004872209187607043e-03
1.788220611336440946e+00,2.438349144430939086e-01,1.996245761115211792e-01,7.298197163717956570e-02,7.464683245123328315e-02,-2.391616464314888502e-02,4.450624252459236541e-01,-2.049545199823385178e-01,1.394709736997353233e-01,1.717291458693852302e-02,8.606486896873452586e-02,3.194771179173630515e-02,1.576500397261377806e-01,5.994223548233980348e-02,-1.725992382818494070e-02,9.320699125597413370e-02,3.966170106466236633e-02,-4.086198291976197300e-02,-8.120951965098879843e-02,-1.433632296726577160e-01,-1.401163839961548641e-01,8.677185042409617244e-02,-1.081364773688884423e-01,2.591072239196953175e-01,5.446411260412242078e-02,-1.898816818048590718e-02,-9.269139201710006881e-02,-2.220061052460294698e-02,-8.844496958205307069e-02,1.769513069269113698e-02,2.079711757834792462e-03,7.156026049548749879e-03,5.252765827962448814e-02,-9.389127070433923861e-02,8.827678305266341285e-02,7.207600560401353218e-02,-4.423187868666549755e-02,1.789276048356204171e-02,3.505329582259088944e-02
1.972263670708836347e+00,1.678820907034283827e-01,-3.338679804905627102e-01,7.783323767744390609e-03,-1.131258690873523584e-02,5.036205782939241760e-02,-4.441214368080367847e-02,-1.484474033988158193e-01,-2.066856802243935420e-01,-3.183885787857936717e-02,8.094643747306638770e-02,8.126949894989714263e-02,-6.491471472234683349e-02,1.547169481183144901e-01,-7.178248163328571074e-02,-1.111185491345546006e-01,-1.345765034550844563e-01,-1.827146330336931745e-01,-1.365792077168855034e-01,-1.582894142784666697e-02,6.089569479263778201e-02,2.964228511750054418e-01,-1.233433986788310538e-01,-1.164247020022345785e-02,-1.934269147570935599e-02,4.589156774704727243e-02,-4.725215562807674220e-03,-1.026781622333783513e-02,3.300820603114235086e-02,-1.596263212661344078e-01,-9.690228751781930494e-03,9.902376642405560925e-02,-1.382359242203730632e-01,3.104310517221123972e-02,-7.388316979659639849e-02,-2.173324324327704019e-02,-4.022961756808283301e-02,-8.192879489999564668e-02,2.308747093867676015e-02
