1.412246452870024316e-01,-1.872026063943950033e-02,-2.256765127342969246e-01,-1.440976792143933150e-02,3.232862306733843005e-01,-1.258107676323549085e-01,1.727436411284734297e-01,-1.017650345793178271e-02,3.882405110206798016e-01,-2.803911518286603122e-01,5.841407745619875587e-03,1.211160703943016115e-01,-2.855473659914054552e-01,-3.035639126425633827e-01,1.194212858403809197e-01,-1.139447432589447279e-01,-2.769540333463965665e-01,-3.676706407648206582e-02,-1.687512687471491926e-02,-4.860997926485621443e-03,-1.068246588045533574e-01,-9.780546851322380331e-02,-6.139354747577480120e-02,-7.680261676626158607e-02,-4.116134116311147978e-02,1.002075109981527684e-01,6.595893716837265830e-02,1.335905468359415427e-01,-6.556630939593482976e-02,-3.369078012980590286e-01,-1.307024214130332873e-01,-3.436837506708335932e-02,1.517983866234939340e-02,-7.162447452559424221e-02,1.103624408702271048e-01,4.528945592851922435e-03,5.288671208917789315e-03,-1.894572778733849272e-01,-2.715410141218119883e-02
1.419287008696218377e-01,2.560395364874775148e-01,-1.156138745188970834e-01,-4.525448870024478300e-03,-1.492562206459609186e-01,8.820106548514437816e-02,-1.546717909231832833e-01,1.883341499939574781e-01,2.130785697613022528e-02,-6.698298646092923359e-02,2.782600084576651867e-01,3.716134128634408507e-01,1.000501102926749930e-02,1.520352239381187603e-02,1.112943797494474890e-01,1.731313448903076258e-01,1.808643752825540296e-01,1.003440944782564570e-01,-1.699477481298547199e-01,-2.179069442836876203e-01,-2.041394440474967875e-01,5.918539413979675284e-02,5.040433941272774027e-02,-7.186168844278208179e-02,3.117617289319780244e-02,4.026359246996315533e-01,1.957652454057236813e-01,-1.969022466767379465e-01,3.534556246336440638e-02,6.576028800954883402e-02,-7.481637844180744068e-02,1.219094657734174220e-01,1.868297157503415462e-01,-1.396754565456686803e-01,1.220310467436510615e-01,-1.550242976305356291e-01,-4.343029438800229125e-02,7.176299227093584088e-02,-1.513410431205550709e-02
1.760278819117293558e-01,-1.343391167108644868e-01,1.368486979487613109e-01,-2.821656855648193435e-02,-5.376723385039017256e-02,-8.270967616023604252e-02,1.229661146989341758e-01,2.079267532017863018e-02,2.265363909107168117e-02,5.846135918122162545e-02,-1.106630900946272422e-01,2.089486755439723953e-01,-1.749602332744887301e-01,-1.025169609449150948e-01,7.595807881983987486e-02,-5.878789411169128842e-02,9.475018265751690427e-02,2.651532393324384507e-01,3.128658406823399130e-01,7.734728408683184953e-02,-1.551743206139995501e-01,-2.779957126447520077e-02,-1.162107324010611814e-02,-1.261782878959100684e-01,1.765759199366795373e-01,-1.922766748552096616e-01,4.374578649745104048e-02,-1.196465461787794005e-01,-1.054749709128468549e-01,4.140975972862833143e-01,-1.612892627681543345e-01,-2.159208398670707796e-01,1.088896776968588664e-01,-8.233000654260716478e-02,2.457114985720950107e-01,3.498088842667861909e-01,-1.377613801523405734e-01,3.869483826801095594e-02,-1.010253996291783363e-01
1.583494766108472507e-01,4.897393512528952497e-02,-7.732940913182112519e-02,1.132382448225885269e-01,-1.704042788281174836e-01,-3.962705661220668196e-02,1.576888058032046847e-01,2.451550688852977278e-01,1.903146323322504885e-01,-1.070127666178191661e-01,3.643184404964986967e-01,-3.290918744677026608e-01,-9.738352866980798384e-02,1.576373614479981144e-01,2.605522422320895315e-02,1.529923311501677485e-01,8.945940689639497734e-03,-1.948033721175993216e-01,3.282616026534693199e-01,-8.478003459735326819e-02,1.432504145767300036e-02,-1.656473375990970970e-02,4.837415241907047636e-02,1.705063261525175400e-01,1.344995242662619106e-01,-2.778251239233455183e-01,7.928602510099087841e-03,1.104700529731123815e-01,2.446700236113650839e-01,9.920629030213939936e-02,-1.348185041899221670e-01,1.920870893781079225e-01,1.857925764548544745e-01,1.858972586392312887e-02,8.737585337840619859e-02,-7.111585551561001861e-02,7.080824693978399198e-02,-1.084696233629074968e-01,9.609771598280231197e-02
1.701237413297130574e-01,-2.394942416772878335e-01,1.493049193357703919e-01,-5.842402558686064784e-02,2.546737098851623027e-02,1.226169304418130157e-02,-7.654815266655855266e-02,-2.210783555295955938e-02,1.076599043587581073e-02,1.436312760968657121e-01,7.523356214948893894e-03,1.497580787761965682e-01,-1.393938508056517256e-01,-1.145444265963265484e-01,-8.202218863795369963e-02,7.809808948932153716e-02,-1.473055840229924029e-01,-9.362237066580654868e-03,-1.266728786269185059e-01,-1.432842634261864527e-02,1.799045097581430941e-01,-1.377059550311337810e-01,-1.318533946393146139e-01,4.579529801977671316e-02,3.265221617982618785e-01,-1.160242761104816750e-01,1.750979582821501623e-01,-2.923312444429626011e-01,1.498933179887705081e-01,1.062464896639842282e-01,-1.010843790478998527e-01,2.999739684457925284e-02,-1.638187254546482619e-01,-1.948756670389011902e-01,-3.669746582731837070e-01,-2.498043017547068034e-01,1.074289500526906874e-02,-2.818910020778894743e-01,2.140875910825659756e-01
1.543517036793662645e-01,-8.972261067077058616e-02,6.640533774083223761e-02,2.189757085905457423e-01,3.327502472075094531e-02,-1.374939782777414576e-01,-3.272076231862487417e-01,2.024851991821623731e-01,2.506089230473853569e-01,2.076116625497112511e-01,-8.027549852634691119e-02,-1.210217879556936549e-01,-4.687034154961638999e-02,-2.314732569667966589e-01,-1.240331752198020193e-01,-5.411038880624675917e-02,-6.745011886838642168e-02,-2.632507109583923088e-01,-8.517784158675044404e-02,-2.728539191165229028e-01,-1.481990782987585020e-01,-2.170014646143839931e-01,1.652562116426066208e-01,-6.134566916190158786e-02,-5.591297935782491707e-03,9.847829749915919251e-02,-2.672373031359474016e-01,-3.929868570697046815e-02,-1.071723380613519433e-01,2.236626993307165856e-01,3.756311563345624688e-02,8.512215940708478534e-02,-1.717654208979991215e-01,1.915708778645535681e-01,5.529867453828851698e-02,-2.231734552812979569e-02,-1.501682274196548816e-01,1.901100920713746922e-01,4.191894397630310798e-02
1.574469731632598124e-01,1.171889428211756456e-01,-1.134072868257008510e-01,3.092711910071602177e-02,2.660013083534976119e-01,1.074058976723470116e-02,-1.786977229542179579e-01,-1.201670770037288061e-01,-2.908157634581297057e-01,1.117727429675999251e-01,-1.892251075534336774e-02,6.330662402521973486e-02,-6.628421023668244760e-02,3.086946659755693961e-02,7.403745034317502083e-02,-3.147355084844635220e-01,1.836914623627559084e-01,-1.042772992621531503e-01,3.598481943790768356e-01,-2.244599900833379735e-01,-1.942870817559201602e-02,6.658243854664941397e-02,2.563290405505385117e-01,-1.988602865364819117e-01,1.861421903384465060e-01,-7.538799981819994944e-02,-7.245214861095330972e-02,-1.385101307195792386e-01,2.813240092777449242e-01,-3.265571861462518988e-01,-3.553533804414051034e-02,1.769768575674065744e-02,-7.014448721161817280e-02,-2.981003244126343571e-02,-4.652810822626690657e-02,5.792770912308969206e-02,1.055144429008964824e-01,7.112893312896251263e-02,2.623890018244981470e-02
1.471428416035452380e-01,-1.849441252013408754e-01,-2.655263395428282824e-01,-1.500637453312009817e-01,-1.537677966431960641e-02,2.995740058607863077e-01,-1.332020403175902534e-01,-1.863673597762528222e-01,1.551258231842584101e-01,-5.851500198928027974e-02,-2.812234409066491705e-02,2.162208956897473944e-01,8.291031564982936919e-02,1.261257719023198831e-01,1.819014775352828517e-01,8.123882886643796208e-02,1.456554109119745366e-02,-8.940478799163290025e-02,1.715507860882936053e-01,-5.254362468644614703e-02,-2.118099128101029738e-01,-8.646287185666085007e-02,3.042136225753656192e-02,1.941206085064133002e-01,-2.991390528662409287e-01,-1.742105464299398832e-01,-2.522847749901104830e-01,-7.497388936488776079e-02,-6.157002802502313521e-02,1.530023958809524354e-01,1.726004732237076955e-02,4.573038007002746402e-02,-2.465800976763603963e-02,-1.805476561727526949e-02,-2.971421854900447856e-01,-5.809401640073116879e-02,9.380003202860846823e-02,-1.011264892246921954e-01,-3.309105761882654706e-01
1.852575257933346542e-01,-1.814638505510868527e-01,4.457865783613695204e-02,2.148885502222908084e-02,-7.855138815705739463e-02,-1.817026034331738482e-01,2.762065908956995441e-02,-1.120099831780937000e-01,7.972079501666384793e-02,7.628646581215256517e-02,1.325136916592291325e-01,-2.171609010566554199e-01,7.520811737767588157e-02,1.228470195563333978e-01,1.466331326090042630e-01,-1.192843387146418355e-01,-5.405895693927817436e-02,1.340551940271886289e-01,-4.067714709988570765e-02,8.208690163873572088e-02,1.563043055122046998e-01,3.876995175660977178e-02,-1.177589219731056680e-01,-1.810453137295514048e-01,-6.180740198675443997e-02,-1.192460475741884129e-02,-1.046018124918381004e-01,-2.405678404847085838e-01,5.018179942122494991e-02,-9.280419918144582059e-02,9.071406975480880708e-02,1.529433723524406541e-02,-1.097732103469711423e-01,9.912999512086767551e-03,3.362157804957452978e-01,-3.702666985209100425e-01,-9.913717528190224559e-02,4.551347542762706339e-02,-4.031975181296761912e-01
1.867518873081014663e-01,-2.046146387833234492e-01,-1.409908908782858683e-01,-1.499887068995299222e-01,-5.104933396388847827e-02,1.545621336712640070e-01,-2.884345078113827177e-02,-8.027524716154305073e-02,1.005336675575391053e-01,5.301205690423879680e-02,-1.486185879369102958e-01,3.601685554129104017e-03,5.663929309965703984e-03,1.535851800395264255e-01,1.361405840780916254e-01,4.950941204320046668e-02,1.349085345895100971e-02,-1.419599882651055231e-02,-3.854278439126382350e-02,-1.160934780528253933e-02,-5.711964580916067957e-02,1.264755918012377967e-01,-7.514008401665048242e-02,-1.159714873103310090e-01,-1.574653815826554393e-01,-1.054895835425746359e-01,-5.599436436544054374e-02,-6.813843415204690057e-02,-1.227024806049260702e-01,-4.206099113398372585e-02,7.208796526475283462e-02,-7.329979900220681688e-02,5.002487747498463033e-02,9.052026668284031408e-02,2.904665792090581622e-01,-7.780543082683127887e-02,1.713046439915509589e-01,1.058839460221883966e-01,7.055716190955028111e-01
1.552699794515879361e-01,1.662206260460553642e-01,-2.155615978148543443e-01,5.303392134241646794e-02,-1.831380306287438420e-01,1.680835097571178882e-01,1.197685112658582463e-01,-2.436123029462660683e-01,4.075883750785697091e-02,1.132784170522866951e-01,-2.336070122361471324e-01,-2.018777939731887794e-01,1.348438955492387292e-01,-6.064748310164909395e-02,1.736296633362573172e-02,2.803151820236896713e-02,-1.905839098454159553e-02,9.758751150744357505e-03,1.391410181064811069e-01,2.215549193820600116e-01,7.223017312406770918e-02,-1.919179526357834287e-01,-1.483761480612500461e-01,-6.012605214270358434e-02,9.769634775213761890e-02,4.227817785528089622e-01,-1.177541492655435618e-01,-1.720556064669837015e-01,1.335234985604855928e-01,9.945331191685335970e-03,-1.582208228218533463e-01,2.630396155516646073e-01,4.561246597326682611e-02,1.566455980466067710e-01,-2.598806063849501413e-02,2.198882462917625957e-01,-1.798887167368418416e-01,-1.882447293301627855e-01,8.236327414374688960e-02
1.960505742307171728e-01,-1.427633351668779194e-01,-6.334098018947552367e-02,-2.122574119197314091e-01,6.699468872910598061e-03,-1.520846294588995007e-01,-5.049787468305602656e-02,-1.160141461636448879e-01,2.514891312874467655e-02,-1.280966382436176387e-01,3.809208880380847428e-02,-8.556665720798548036e-02,6.828187584540984512e-02,1.633145275815543473e-01,1.028135138607908089e-01,-7.551824108647255118e-02,4.582439312595526504e-02,-7.458121664106664994e-02,-1.963458375513681478e-02,9.284953898989217747e-02,6.231950733695401645e-02,1.752015907363408953e-01,7.386231105964022325e-02,-7.311722355336738866e-02,2.223199972428355209e-02,9.016398514956422416e-02,2.305732313576865922e-01,-1.111336216640201324e-01,2.678545351110473566e-02,6.764017271095840167e-02,-1.417850662936368800e-01,-5.756739712803310427e-02,-1.214897793594592740e-01,4.656248086658668073e-02,-1.526512639124069648e-02,-1.549101020756674107e-01,-1.673749695354399547e-01,9.507355467434006058e-02,-6.263293171987246999e-03
1.687738009108640802e-01,3.421398250545748532e-02,6.649352483916540213e-02,2.239490743300535380e-01,4.394807792740698313e-03,-1.758932318712198573e-01,7.643939422600998235e-03,2.585932524037306002e-01,-2.414176744566221278e-01,-9.819228425303569430e-02,-9.706423609822686926e-02,1.187039843436856756e-01,3.641865949781497580e-02,4.740509122793265528e-02,1.064482150865627003e-01,-3.766048408675309878e-04,-2.335315548732262159e-01,1.832581733080890785e-01,4.143403490333573413e-02,2.649073740405066824e-01,-1.910520995966518976e-01,-1.914833614406437345e-01,-5.948139306450596353e-02,5.993782659162401327e-02,-3.249310753618738223e-01,-1.523185977045805606e-01,3.517608480237592594e-02,-1.439793796762055544e-01,1.803623187405639372e-01,-9.537229583976317149e-02,1.863713669777497528e-01,3.612084145276432956e-01,-1.250183520063730125e-01,-1.890502353685432901e-01,-2.267979063527353345e-02,6.944725354647690585e-02,-4.310129541415925331e-02,1.511247436780115971e-01,1.212659626133367752e-01
1.526427804445335545e-01,2.119453910007412789e-01,-4.997916145453584064e-02,-9.606272675361386681e-02,-2.229790781191301752e-01,-1.787105123202686885e-01,-1.996203863343015694e-02,1.216908643257148953e-01,5.938462665461832074e-02,-9.420994483521252794e-02,-1.884991796064230951e-01,1.545490753616316493e-01,2.505012867248130881e-01,-5.609728856477726178e-02,-4.246738212712139471e-02,-2.367331506963402110e-01,7.949257950039873011e-02,-1.717768970684850627e-01,-1.798596667075330058e-01,3.540142003638955259e-01,-3.490260832779035205e-03,-1.766412461011385437e-01,1.978476858125641780e-01,2.416568459619247711e-01,2.693009550254791273e-01,-9.848077710909156068e-02,-1.844566566311442168e-01,-6.978598733398479192e-02,-3.842966390201610349e-02,-6.593054523937888489e-02,-6.205326788969428575e-02,-1.772681855748206026e-01,1.099500532694296789e-01,-5.418885493388428398e-02,1.157079396838370244e-01,-1.299738615457633750e-01,3.110256390769374213e-01,-9.618425153141464679e-04,-3.271136446214761850e-02
1.199756027863672497e-01,9.376813409465434290e-02,-1.599833398576498145e-01,4.339863105685163314e-01,-3.657583104928387868e-02,-1.689775710910793038e-01,3.969451184083578332e-01,-1.802518555417065571e-01,1.749778028327209078e-03,9.470998207811337499e-02,-1.520763621519266584e-01,1.169114420347221461e-01,1.508017650102446705e-01,-6.489868023758893489e-02,-1.793988373985925810e-01,2.755937946560833018e-01,1.874230152625678270e-01,-1.786657552638519497e-01,-1.767714726002212189e-01,-1.249561427788746654e-01,-1.528695109380789618e-01,1.558189315167116951e-01,-6.232828292912453994e-02,-2.237859526655281983e-01,-1.188928302743719467e-01,-2.206413097775363763e-01,1.055805644807993049e-02,-6.903654415111670772e-02,1.283218236285732783e-01,-6.551763001485549909e-03,-3.879464674735799701e-02,-1.940833245321626488e-01,-3.555709602080994736e-02,-2.022327415733246592e-02,-7.345567509317121879e-02,-8.534657315153026946e-02,-3.042069512850192111e-03,-5.122417117985719748e-02,-4.172168438608503394e-02
1.438259368059889576e-01,1.096673213597850055e-01,-2.414413229153890283e-01,1.964011610856429002e-01,1.341725949270124174e-01,1.705655376490547437e-02,-4.906414808028589092e-02,-1.893237887687305443e-01,-1.579918729640980568e-01,2.983976035084810463e-01,2.825487995313349932e-01,-5.777577407058723247e-02,2.328293677782035109e-01,6.433154624354658901e-02,-4.494913284320167790e-02,-1.534597240635731108e-01,-3.586431453229176336e-01,2.202841936855915728e-01,-9.937706314436793587e-02,-1.863750038821728183e-01,-8.561182712745560308e-02,-1.267632713968186442e-02,-1.906492940891758026e-01,2.874888151037167106e-01,1.752624251933336263e-01,-1.183811694589951835e-01,2.030602598375608192e-02,8.908522040938837705e-03,-2.915583931510887239e-01,-4.147900041742286215e-03,-7.877394743594645643e-02,-5.573486915733844027e-02,1.078464412558668428e-01,-5.254375436036901048e-02,8.227249807031733475e-02,6.161283018926327903e-02,2.066071168861647461e-02,3.025659050282053508e-02,2.049486377380749236e-02
1.477318592654097984e-01,1.110100559335039927e-01,5.816024319478769328e-02,-2.487336999213383137e-01,2.429510938171951240e-01,-7.661800644645481995e-02,-1.622369156015183167e-01,2.262560295538260102e-01,1.388998572990166047e-01,-1.519558790067532250e-02,4.751530728677617887e-02,-6.437391286947470592e-02,3.593955850737995394e-01,-1.114609067312125612e-01,-3.372571938499909633e-02,4.232971474755904961e-01,-3.295823691551375001e-02,2.659315004948413219e-01,2.961333113586929466e-02,4.845595450498898366e-02,5.957699153844207840e-02,1.999709574549960178e-01,-1.227235292101452740e-01,-2.526950389557524601e-01,1.329067169210307320e-01,-8.687481489144631419e-02,-3.025117124879662667e-01,4.992983324258420952e-02,2.813200938491788525e-02,-9.690875678623075973e-02,-1.300140250852562795e-01,3.031872334986242604e-02,-9.633081753161000516e-02,-9.186182678227766685e-03,-9.992326917220806237e-02,1.430435043726602795e-01,1.473957685903437564e-01,3.474262183035350948e-02,-3.814912329199837693e-02
1.981284273283988873e-01,-1.120717638473809480e-01,-6.945184416090509349e-02,2.841536608718215826e-02,5.554945210527718197e-02,-6.710388522019923585e-02,2.957607752456651445e-02,2.313330511075772922e-02,1.571953231811473728e-04,-1.202179503053660559e-01,-5.159388066133958201e-02,-2.944537141306972916e-02,3.093797265322395518e-02,1.633923875687538496e-01,3.061895938365266634e-02,8.161033652371854630e-02,-7.116605762256950074e-02,-1.662509294727770037e-01,-9.246686234565572315e-02,8.444977526722571848e-02,1.022455367128771719e-02,1.177944116127818686e-02,-8.378520528721560001e-03,1.304663027389537933e-01,5.991412800888393231e-02,3.234129716839245772e-02,3.434481826929804971e-01,2.547981992003614526e-02,-4.087990997327629883e-02,-4.654923300163051059e-02,-3.017284463799814187e-01,-2.658021459906707851e-02,-9.450156927762630443e-02,2.582975934402987894e-01,-2.401559682209849500e-01,2.269573859691466633e-01,1.575199803598377121e-02,5.141091672978548299e-01,-9.087733095152078500e-02
1.730261217235292415e-01,2.909111345062321066e-02,-1.375676928039721303e-01,-3.388039701356358215e-03,-7.846233071298801265e-02,1.522870117545685464e-01,-5.330310442379851410e-02,1.993358762399977113e-02,-2.302595414783729227e-02,1.813481376216621588e-01,1.329793823326047841e-01,-2.718380500801999555e-01,-3.330975033489267378e-01,1.422432768962084149e-01,-1.888833854637262111e-01,9.601034686423327857e-02,9.557982087927968662e-02,8.355045858084814148e-02,-4.384696603104987905e-02,2.875455477480319266e-01,-3.070262747976976181e-01,-7.974605077308868917e-02,1.574021199460266807e-02,-4.984226083318699096e-02,3.529334508584586888e-02,1.915912263323359954e-01,-2.929077034471851138e-02,2.047528650378655501e-01,4.004061505855209535e-02,-3.493246952801959404e-02,6.276424777890154960e-02,-2.935827406741468026e-01,-3.367471368334902238e-01,-3.179921851690400425e-01,-3.674095234112090269e-02,8.923112524833867742e-03,1.360741365678257431e-01,5.498723614910425855e-02,-3.622336964052368102e-02
1.624566211631356394e-01,4.285452181641315195e-02,1.063072208196012836e-01,2.172002544963223258e-01,2.138407687062216997e-02,2.001888414873254363e-01,3.213984226838501046e-02,1.790209287220829171e-01,1.465884963388435769e-01,2.286040079018671067e-01,-1.443056251696841763e-01,-3.367066611536509435e-02,1.580964809051482178e-01,-1.002680857678521775e-01,3.956271807233185389e-01,1.589627249463544389e-01,6.885345485241314845e-02,-1.359359741610245420e-01,1.980415558184628333e-01,7.843384875040250448e-02,2.054021895698942557e-01,1.435273317953019989e-01,1.518434649988197327e-01,1.514940073738559878e-01,8.727480842492277291e-02,4.325679005421459444e-02,1.972160173058252752e-01,6.310102302566104882e-02,-2.819549611164855474e-01,-1.967780943515287095e-01,2.573658457500180297e-01,-1.188532707083067574e-01,-3.622839828425630793e-02,-2.296637486766865410e-01,-4.814168995294970665e-02,-1.456926412527753331e-02,-2.022646611294152685e-01,-2.261461031277117728e-02,-2.600488901921927179e-02
1.716611258756604308e-01,-1.341999916404038318e-01,8.617126918989016782e-02,1.280056459404928793e-01,1.826614432424618351e-02,-2.313858431780300706e-01,4.656593070374734356e-02,8.546693650428133227e-02,-1.518473685676812179e-01,4.116577899552695263e-02,1.226248095253919118e-01,1.362507621648731404e-01,1.861309057964296021e-01,6.821253176140756880e-02,-3.651388425540152971e-02,-7.368653111768706798e-02,-2.358617449737296923e-01,1.965480705694294672e-02,2.081717354156485400e-01,3.873286299216060352e-02,1.046573663344716465e-01,1.821008458994761159e-01,2.607574675383292351e-01,3.798147497967496733e-02,-2.913845033483025704e-01,3.932386755104815834e-01,-5.690667270045429715e-02,1.698534610607213557e-01,5.245378870900502949e-02,2.018713476435823051e-01,-1.203015350380684106e-01,-2.340259240377557393e-01,-5.044832129395666886e-02,8.560042612851398447e-02,-7.233348230845432214e-02,-1.492054017464342075e-02,1.560170878027732910e-01,-3.058497615433436456e-01,1.098769266106330994e-01
1.184331648943979381e-01,2.406706005852908559e-01,3.259547346512971511e-01,-1.288537001998837361e-01,5.796391148945215926e-02,1.824975360831130877e-01,1.424912371132427691e-01,-2.704731498094497533e-01,2.109876690128498766e-01,1.069329701320424209e-01,-6.802243198347146524e-02,-1.058840447378607136e-01,-8.027085291197927353e-02,-1.128252652543628165e-01,-9.227839477807023294e-02,-6.276892345552789743e-02,-2.719754055599590825e-01,8.602823157136352261e-02,-1.299939186402814251e-01,6.949781124700382673e-02,-2.127604142836540813e-01,3.891379268300526606e-01,3.817600636709787554e-01,1.227603239950616765e-01,-5.082614802502738449e-02,-5.899395489769245632e-02,1.081141467959961799e-02,-6.179046754542184133e-02,1.737235798495595507e-01,8.967816557171379155e-02,1.941861567599095784e-03,1.731668918771637755e-01,1.009858834714305875e-01,-3.505168400793609584e-02,-2.801760972503447578e-02,-5.647222908312360401e-02,-1.451391608116091303e-02,1.199758997350617584e-01,-7.550591430638459514e-03
1.772823027337528945e-01,-2.354475810639557465e-01,-7.175443720191836128e-02,-6.028616761522514848e-03,-1.405532022471513154e-01,-7.757738341155112106e-03,8.988801637485878404e-02,9.422400963169888510e-02,3.023477194910049667e-02,-2.917966133933053152e-04,-8.960569076529203980e-02,-1.132208821320795228e-01,-7.427230405978660355e-02,1.730145719840628371e-02,-6.413796803559346227e-02,3.099606158799277089e-03,-4.750674023298148696e-02,6.740026063760345965e-02,-1.760206708252851915e-01,-2.255860622942296445e-01,9.783692687358475082e-02,7.825168135097372579e-02,1.048036480780022289e-01,-6.121962572231927358e-02,8.766000106855430241e-02,9.568584405308919183e-02,1.778763404118010039e-01,-1.724958437664717015e-01,-1.394241870675295980e-02,-3.212907290826576279e-02,3.979250241479061478e-01,1.393369663509659850e-01,7.723363770449324928e-02,6.484793677555819591e-02,1.314235962518658929e-02,3.719040108072029782e-01,4.883556686275346559e-01,-1.333099577765307908e-01,-2.083174650588171806e-01
1.514302002732315633e-01,7.361826635568899380e-02,-1.493956611761443898e-01,7.368760603475871251e-02,4.456595681576538404e-01,1.448322945950133722e-01,1.455277859337851531e-01,7.944062644198332523e-02,-4.193354929142996401e-02,-2.794521966778252264e-01,-5.462006178829650893e-02,-8.159796937009053397e-02,9.274190422878306195e-02,8.519082523919922767e-02,1.331463919037108312e-01,-1.913505502511744782e-01,9.359736878271966709e-02,1.703314511015990851e-02,-2.008747187031470482e-01,1.965652273147072693e-02,8.469106607010250254e-02,-2.309398186019842591e-03,-8.313040140073703343e-02,-2.683050432787082579e-02,1.874985038208411003e-01,6.327424868308401118e-02,-9.049500086394879350e-02,1.546219629876419144e-01,1.884045852627907469e-01,4.758650856489325398e-01,3.321462836660923346e-01,-3.661765710509823357e-02,2.501818419173576502e-02,-3.680405976249136180e-02,-5.406659812137296073e-02,-6.199922286519232717e-02,-8.625175047313560217e-02,4.201621748963808856e-02,4.866099621162213451e-02
1.723455639357578117e-01,-1.344556554989516650e-01,-4.294907813768835021e-03,4.236513025290536416e-02,-2.188710910542095989e-01,-1.444200293807474944e-01,1.321300777829259310e-01,-1.216902158255955546e-01,-1.148783126281785610e-01,-2.122823793748412624e-01,-9.470525870936861990e-02,-3.891552125578839894e-02,-4.855432122098238962e-02,5.534141250228122311e-02,-6.471192033230094287e-02,2.232777804706461561e-02,3.769406533449964208e-02,3.145754232610881163e-01,6.731068390543895608e-02,-1.092140973731303838e-01,-7.365078043435679955e-02,-8.215682942869512173e-02,2.426478642578945855e-01,-1.782000340428022689e-01,2.224732212830042299e-01,2.730845755434431477e-02,-1.555772356671572543e-01,2.761248220413766719e-01,-3.460441153408728709e-01,-1.113925283841673136e-01,7.066314567762342624e-02,1.867728203145611610e-01,1.781837209434199432e-01,-6.600727638855691248e-03,-3.208256250373516805e-01,-2.533422983722418698e-01,-1.257192483581438258e-01,8.277701647699153842e-02,7.285794089189780165e-02
1.605047672116152735e-01,-1.776130887493084301e-02,1.897583090726505731e-02,-3.161858191043691035e-01,-7.194564861522492749e-02,-1.686884183984684871e-01,1.690472378965370281e-01,-1.331507427157194168e-03,-1.132599198669615309e-01,-7.372600212406320297e-02,-5.728787998145678378e-02,1.200418986498213297e-02,3.442516029970343894e-02,-2.630177657205258202e-01,-2.406554441985761794e-01,3.500940954999963439e-02,5.467904722765509068e-02,-8.004979839439489708e-02,2.935800605315523892e-01,-2.130632397991210070e-01,-1.321476297975609782e-01,1.454871506478338239e-01,-3.396033511140588157e-01,4.061302634486647634e-01,2.579348951925206079e-02,1.851799052144949276e-01,-4.908993466505481851e-02,-3.845497347760198914e-02,8.041546687332754018e-02,-7.321280716041592140e-02,2.964396507612767628e-01,-9.411152830694607951e-02,-7.406890392514575705e-02,6.920982706022253683e-03,1.979901690753408522e-02,-9.239267678888765656e-02,-1.025593361801001024e-01,1.628395873792002901e-01,1.750005725872729248e-02
1.634918139650367586e-01,2.452331218996336715e-01,-1.304743173312340465e-01,-8.674808387535408449e-02,-1.909872051996692743e-01,-1.134905006614050638e-01,-1.546646263981447944e-01,1.080432825159924060e-01,1.022544928615386380e-02,7.383503804542633497e-02,5.485688799966167983e-02,1.148986694043711981e-01,-1.382796235935458973e-01,1.696499168267968927e-02,7.684483159983696021e-02,-1.539418674157013722e-01,1.020784198602100179e-01,1.078773237404166419e-01,-1.460848394445779797e-01,8.368024385629035944e-02,-8.968953721522798794e-02,2.487296960621478703e-01,-5.587228421978404636e-02,2.988881492473227652e-02,2.330999129867705744e-02,-2.395968103276405192e-01,9.235559125488022880e-02,1.610717365199572371e-01,-3.104847658791294596e-02,-3.402440456995693696e-02,1.613525298176831380e-01,4.928827029769849988e-02,-2.637365889080470205e-01,4.540371816373601765e-01,-8.796121373791904174e-02,9.589111631760074972e-02,-2.472180202871804844e-01,-3.495147373914289091e-01,1.394190632903638191e-02
1.414791224554637905e-01,2.112631708267844466e-01,-1.355154715847698976e-01,-1.909022671282521455e-01,-1.695423321125475724e-01,1.359601568461233922e-01,-8.472891689973990892e-02,1.634936422365924624e-01,-1.953677188433008971e-01,2.372474607673034572e-03,-2.536222662557792162e-01,-3.078508939953965573e-01,6.855889740166343227e-02,-3.286505515907649499e-01,3.790489006045352771e-02,-1.242413581688530388e-01,-8.966894017258567051e-02,8.994919287340656655e-02,1.150638732899988970e-02,-2.201837358120651289e-01,1.054004970540154545e-01,-1.245834448712398179e-01,-2.901499013660967241e-02,-1.728346391401293647e-01,-2.990061390506157379e-01,-1.519125568072846044e-01,2.996976415844609942e-01,1.361704680425271929e-01,2.076274378710312590e-02,1.443617625674437632e-01,-1.818215760971909900e-01,-1.204589077155126253e-01,6.037113754805075588e-02,-8.919955698718023962e-02,-4.466922336130030313e-02,-1.796137278462451026e-01,8.398766097455206969e-02,-5.640938341133928252e-04,-7.884402121481813575e-02
1.489945602600644681e-01,-2.179958600617916409e-02,1.878165688957541268e-01,3.158756777309260771e-02,-1.875650208446621309e-02,3.538463483469633797e-01,3.033430626798112595e-01,2.813169467456886896e-01,-2.328923013183076263e-01,9.067747229308595336e-02,1.728763381461665971e-01,1.073953394730787214e-01,-1.661600051841957137e-01,-1.140850301588319793e-01,1.754661628720352584e-02,-2.090827173443914888e-01,-2.228602995010505600e-02,-2.212849163855851176e-01,-2.630680495421744425e-02,1.375338109505801765e-01,7.211110290714847770e-03,1.689927744678237365e-01,-2.599664879999693534e-01,-1.870235821553644651e-01,-8.730573055297920909e-03,3.830767349511303432e-02,-2.264054154291529064e-01,-4.699044404458255220e-02,-2.324482310295494236e-01,-3.539102288177205236e-02,-1.464487924389233919e-01,1.097159366040334760e-01,3.921254726066250584e-02,1.814990389785935687e-01,-9.935228445616894888e-02,-1.149454271674151540e-01,1.465764246590166575e-01,8.769548642431487795e-02,-8.475875412673732068e-02
1.663932361991550257e-01,-6.579870693553295513e-02,2.105653088500838432e-01,1.358402764238169080e-01,-4.673234793687520983e-02,3.788590630893602326e-04,2.323697201501126464e-02,-1.823611339491411354e-01,1.649022889117699731e-01,1.489590039925350884e-01,-2.541111162979872717e-02,1.518668721134407429e-01,-3.311422624436098638e-02,-9.199749052324550369e-02,1.617048409200230463e-01,-1.111216459683240787e-01,3.628983546365817103e-01,2.547124152009174747e-01,-1.051879727548534205e-01,-1.319979803128521478e-01,2.159594472566712109e-01,-7.639272820471226799e-02,-1.555357458290549943e-01,2.365885115409726847e-01,-9.064688861387683316e-02,4.774916278043464524e-02,-3.811225806871039457e-02,3.964442934589253453e-01,2.033229803542322134e-01,-2.250483185296600630e-02,-1.863940303309708779e-01,1.885142345131585184e-01,-1.477299864817268604e-01,-1.309003661523429340e-02,7.017411273406073957e-02,-5.621622037386475590e-03,2.313349172730783387e-01,1.244493841080099583e-01,7.880373301275004488e-03
1.307154588117012128e-01,7.905644664714479852e-02,2.319140134644902262e-01,1.911715212846450962e-01,-9.464756970695054061e-02,-1.087116450389491173e-01,-3.223275611707249189e-01,-2.689409985637661316e-01,-2.791486613679901030e-01,-3.179302936535480795e-01,6.853637245373439546e-03,-2.027570009743575041e-01,-2.381778623342714341e-01,-1.530591026657873166e-01,3.685571280520266724e-01,2.138758705145059891e-01,-4.514074664489335642e-02,-1.330685736630216887e-01,-1.401418251268798654e-01,-6.568536369061128699e-03,-4.373593340878524638e-02,1.191492088640527525e-01,-1.480641832845706607e-01,9.209543421274779540e-02,1.856935776123846971e-02,2.319718697025485721e-02,-1.910436629162715894e-01,-5.851336474459273296e-02,-4.525889619622275317e-03,1.110018389155399687e-02,-2.338534148189201634e-02,-1.823621527857323954e-01,1.541755657766309962e-01,1.719923721132776695e-03,-2.021711697695036808e-02,9.998796986469671300e-02,7.886217926817283563e-02,-7.836895079119127194e-02,2.152143589931147360e-03
1.492783240211060236e-01,1.946301143558451241e-01,-1.658044008119242407e-01,-4.200506356529428581e-02,-1.040207771080769589e-01,6.650955401872055660e-03,-1.156477352544302284e-01,-2.296975425914020152e-01,-4.595729794889951564e-02,3.983678522795462695e-02,1.117166138690637439e-01,3.314835361578908901e-01,-2.070329462678610066e-01,-5.606061625496822076e-02,-1.827893025391628956e-01,2.138639544984198004e-01,-2.612525380404073228e-01,-1.666899314434392709e-01,1.086921557726232418e-01,1.359279330952542497e-01,4.855312152442958773e-01,-4.876512087564260911e-02,3.848600729815351840e-02,-1.593891695950891141e-01,-1.339739201612077935e-02,-7.823826032429687105e-02,-2.449478030610433010e-02,1.955368041181387295e-01,1.758894447704819480e-02,1.219430755063348470e-01,2.292132483535917475e-01,4.593483427670472241e-02,2.567602032184763267e-02,-7.838285002448014405e-03,1.264746315917438524e-01,6.057891462021531420e-03,-3.432829201958920162e-04,2.326544275044328813e-01,-5.415209233359538632e-02
1.494502931365125353e-01,1.824247388802884701e-02,2.784413654612791222e-01,2.464980110198291413e-02,8.172713744205761799e-02,1.709245373219930031e-01,-1.436927938530701892e-03,-2.380772097873447291e-01,3.386574538158323294e-02,-1.683045973604755385e-01,4.071051355497604662e-01,-3.661482649774472353e-02,2.808459142001067943e-01,-2.476869556717247456e-01,-1.053524591381612557e-01,9.197680265873378613e-03,1.673639237297872007e-01,1.602904680743079402e-02,9.890255274704892741e-02,1.355294551180053486e-01,-1.286455666651226959e-01,-3.686483322729333101e-01,7.741105634706585414e-02,-1.282728495214991438e-01,-7.414861924451293662e-02,-6.550293673681772955e-02,2.600184165133621050e-01,-4.996890938083536904e-02,-6.570142025994599178e-02,-4.869607454601715402e-02,2.116161387381262360e-01,-9.960469245848113662e-02,-3.851339867269143458e-02,2.636671976801868156e-01,4.695306674832866456e-04,1.488978201950488800e-02,8.168121457846518052e-02,-4.073891036155526807e-02,8.063789903148854687e-02
8.278617134326350657e-02,3.368875070357299495e-01,3.143311206509592504e-01,1.388411699738723581e-01,-1.158939026518092524e-01,5.221753973948955324e-02,-1.123843852865374637e-01,-1.446560924351142710e-02,3.320631291686535480e-01,-2.107821295920422888e-01,-1.576334675134996033e-01,5.123537859300314468e-02,2.165170019657619571e-02,4.391227699163107179e-01,-1.664704483111804634e-01,-2.217378988252108052e-01,-1.301512990840683892e-01,-8.874799732048854750e-03,1.826965744433122762e-01,-1.972055415971188108e-01,3.633512732109256405e-02,-1.188211361845675773e-02,-3.098404690034918252e-01,-1.453148377279758763e-01,-2.427607730278635856e-02,3.736878099735985170e-02,4.071942297626357510e-02,-5.595749858502258034e-02,-9.054832641547809480e-02,-2.933257889984457190e-02,4.196706742723778361e-02,-1.440348514222957732e-01,-6.194295084132117601e-02,-8.678190438824383290e-02,-1.268112921821117622e-01,2.446552571700896794e-02,7.046937190337940193e-02,-1.552454680467506114e-02,7.990501260917000359e-03
1.664012849417861872e-01,-1.504879509504770119e-01,1.741166028677570976e-01,-4.130209272154774375e-02,1.307849183243124103e-01,1.219130004724208877e-01,-1.587073817369243633e-01,-5.665649640321754332e-02,-2.245019778698958135e-01,-6.461808789203091208e-02,-2.379733532002948904e-01,6.183906743310646492e-02,1.499512183461752524e-01,1.502818980948828487e-01,-2.116113759917249704e-01,1.206292198956518263e-01,-2.242725406802616173e-02,-2.786743584743014424e-01,-2.112034674114732224e-02,4.568263714710363299e-03,-2.115945302488329294e-01,3.328437346711167477e-02,-6.184326119747710071e-02,-2.968234155310327249e-02,1.339057702912358483e-01,-1.549724401464212808e-02,1.764472301136600640e-01,3.244935800398787151e-01,-7.058389746523752173e-02,-1.036095639828299442e-02,-9.870511383943339490e-02,2.953952773203194493e-01,-3.027452449407309898e-02,-8.748027928877009918e-02,3.769396369430399463e-01,-4.325959147112151681e-02,-4.150968352504752490e-02,-2.688399773763128775e-01,-1.519623642167436395e-01
1.532110245354531830e-01,9.335523283956394247e-02,-6.176891170602835657e-02,1.547043842775561451e-01,3.605843230977246461e-01,-4.686898219296459570e-03,-1.509887738903959165e-01,7.485525254269016771e-02,-6.587002886958000757e-03,-3.803480420011874641e-02,-1.482856180028595261e-01,-9.742221466973514932e-02,-2.643042556292056755e-01,4.575089918926039667e-02,-3.594428329671910949e-01,1.129268661608688884e-01,2.967288823205243009e-01,2.057980261291188495e-01,8.264658620931626676e-02,1.568326324309485820e-01,2.044183056613659011e-01,5.572544744062979394e-02,3.707731294727424631e-02,2.455494396576339833e-01,-2.046284720521268918e-01,-3.148438225597571805e-03,4.816726333611859312e-02,-2.471966241628945904e-01,-2.297640137077119893e-01,-4.612219296869238261e-03,-7.790671199471245478e-02,4.034717127468769038e-02,1.978379154803912299e-01,1.473003297923414223e-01,3.763879870120037663e-02,-1.653392501956550409e-01,4.443392875803808817e-02,-8.600932391411310329e-02,-3.624370749904924638e-02
7.212772579053626509e-02,2.954406229756755820e-01,1.731503150979849526e-01,-3.544209693353230772e-01,2.343558537305890643e-01,-3.363238372320280778e-01,2.494854519117382374e-01,-6.382101012982074884e-02,-8.132806230286843130e-02,3.297119168224252883e-01,-1.573176759940281277e-02,-4.021960241844659695e-02,-1.336204090512053133e-01,2.530479963711940172e-01,2.525272821560164971e-01,1.625887929654586672e-01,5.640028814935618695e-02,-1.604223217736926721e-01,-5.380317624849328961e-02,-9.859949591956782000e-02,-5.345537864147097140e-02,-3.219974589431511824e-01,2.485885535416149095e-03,-3.082838759766037828e-02,-9.342954226418302699e-02,4.948761828594883116e-02,1.146693324266748193e-02,2.312978338915236409e-03,-1.725596627886255563e-01,7.841073750148927490e-02,5.208141098263839586e-02,6.395141433986120671e-02,6.248370066271474732e-02,4.522738788383659503e-02,-5.751598492801433121e-02,-1.345151506749131531e-02,9.824893491980909999e-02,-7.731334310969359414e-02,-9.282284101955208186e-03
1.824818937933013197e-01,-6.547912685314841164e-02,-1.458097732906992686e-04,-1.376684554207920075e-01,-3.691984102510540572e-02,-1.494516681936257363e-01,-4.359020837777497631e-02,-5.823743549678971065e-02,4.822045373129603407e-02,-1.800356620931847784e-02,2.402032063033530951e-01,-9.491365517686495279e-02,8.867831234447627609e-02,-4.558882349008828994e-02,-1.767889170833393253e-01,-2.493705711797953861e-01,2.475322489555710770e-01,-2.196450749135231140e-01,-1.820506057762036611e-01,3.263536373809622360e-02,1.494876082640672066e-01,1.045723598806556354e-01,-2.657826799690049535e-02,-5.419549742176053841e-02,-2.565130001211982091e-01,-6.173614472370678175e-02,-8.204088556732212767e-02,-1.241891037520505281e-02,-1.492392882708011292e-01,-1.775914474735663245e-02,-3.825839590103605192e-02,1.454458567203987529e-01,1.510049663260355501e-01,-4.493962501597285053e-01,-1.316311201213172799e-01,3.460712869057402385e-01,-2.242595932316748808e-01,-5.063952512723776667e-02,9.026538945019484117e-02
1.693532887732828174e-01,4.896630963027580330e-02,9.356686084290094518e-02,-9.639759266379646641e-02,-4.235335690969360689e-02,2.656212212317601851e-01,2.405924250831902589e-01,9.240903354197682606e-02,-1.602827467309025089e-01,-2.222278688321577267e-01,1.615332629141252863e-02,2.838985381074921044e-02,-3.650366778487607045e-02,1.401086871165404812e-01,-6.629208203315965775e-02,1.298735355852843332e-01,-5.727589090315681614e-02,8.950031401968087941e-02,-2.062455268265714903e-01,-2.892269254767560471e-01,2.197020321162072853e-01,-2.016265361619606067e-01,2.685881440065101544e-01,1.671939933378610577e-01,-5.215113506574156621e-02,-6.463616664854818228e-02,-2.226779898314020234e-01,-1.232692056861979801e-01,1.340785121876508779e-02,-1.596886572018481332e-01,-1.347584117733338915e-01,-1.777138140843985692e-01,-2.838649560636015146e-01,1.526974659537126688e-02,1.964702017146026103e-01,1.571702869915272416e-01,-2.643950863221727898e-01,-7.061188813378381501e-02,1.218369718695398035e-02
1.782498071244323912e-01,-1.870098737113134180e-01,1.111242981979966016e-01,-5.468665686397545384e-02,1.933619482318306784e-02,8.341785887584630965e-02,-1.110089695254832948e-01,1.385392244235877923e-01,3.440449674369040062e-02,2.260341353321954072e-01,-4.660130896428194003e-02,6.310166188399361775e-02,-1.172877489524534224e-02,1.356113715416815135e-01,-6.823587390465243874e-02,3.469159042456648745e-03,-6.255896954662715226e-02,3.864833591606491037e-02,-1.354341688714872927e-01,3.453647870218895521e-02,-4.116874620494795356e-02,-1.448543579510048751e-01,-8.081954713950043057e-02,-2.770088194562631001e-02,-5.626063016640181491e-02,1.264582758221166614e-03,-3.371583564410474132e-02,1.553452497839426238e-01,3.700809586702655252e-01,-2.476114448172169191e-01,8.882481329045319174e-02,-2.857475700357147153e-01,5.669806142827960027e-01,1.506880034312128303e-01,-9.399614703268160953e-02,2.520035429481840006e-02,-2.452238864718283562e-01,7.863163882000877986e-03,-7.411579047187280556e-02
