2.689234085273066057e+02,-2.803141856893821338e+00,3.808642051837495268e-01,1.200651032877255719e+00,-2.359089951295618715e+00,5.944109939530935194e-02,-1.155698456684608050e-01,1.196200374224641649e+00,5.157990400977168211e-01,-1.171355205945323330e-01,1.874347293035703022e-01,2.099960191188718350e-01,-2.701459516823587759e-01,8.743931990651963859e-02,1.016087157231335969e-01,9.775723268380946684e-02,-1.048161700805980701e-01,4.044964711846244128e-03,9.091082708585465633e-02,1.883994221246278467e-01,-7.215123491016643686e-02,-5.149414321832833374e-02,-1.133239696701505983e-01,-3.315991928599900523e-02,-1.593684393632228691e-01,-9.663120565012379981e-02,1.848637620751942268e-01,-9.979584186769113741e-02,-1.633801157602082429e-02,1.150208153621344598e-01,8.030541611845183614e-02,7.801833784490597168e-02,-3.000381034653665929e-02,3.570183131624668493e-02,-1.204928689141694306e-02,-5.465554974105794883e-02,-1.233132638942582328e-02,-1.474782081477210294e-01,3.840207888770093281e-02,5.592416300951150859e-02,4.553503325736169005e-02,1.095956726263751062e-02,-3.792649010922412994e-02,-6.002128040377772283e-02,4.449692045061695578e-02,-2.075984536277170143e-03,4.488564688780009859e-02,-3.005949344566045608e-02,2.590939876285713872e-02,1.374219936002979772e-02
2.687768551859451236e+02,3.322670591846431876e+00,2.758145608606634269e+00,-9.120831177545131174e-01,-1.445898680125191071e-01,2.637725686419461479e-01,-8.942805800976246777e-01,1.805057703660461588e+00,-5.983916183018809232e-01,-1.647952796199969594e-01,4.428057767661967570e-01,-1.517979764173032486e-01,6.284063618051183298e-02,2.158034550739273139e-01,1.671620144071991609e-01,2.212680560936807761e-01,1.831047329116632372e-01,2.067892020121129271e-01,8.546087353575011758e-02,9.061330428963040862e-02,-9.377344309258089927e-02,1.107804810907357523e-01,1.822655154858629500e-01,1.628546373377128542e-01,6.006225685933782449e-02,1.090506349643056011e-01,-1.452702901824739490e-01,2.590975704698474935e-01,-2.155568522215042804e-01,-1.401789568755046622e-01,-5.189555714340719078e-02,1.802272453503960675e-02,2.339298007394687712e-02,7.185360276747540520e-02,1.843790994932197058e-02,-2.011669288774240588e-02,5.732107437495799485e-02,2.718423560812487788e-02,-5.895213457957989428e-02,-2.564896288231968691e-02,-9.990038866333806472e-03,8.293713792094325327e-03,3.296319448291561149e-02,2.917751699200864593e-02,2.091085113705800497e-02,3.493127295693004841e-02,4.827083588079843224e-02,-1.032210107407290495e-01,-1.225315950002036670e-02,5.334220239934267527e-02
2.519897233834766155e+02,-8.974734802750703455e-01,-2.442748944360346730e+00,3.240656502030200836e-01,-4.213942227444279764e-02,-7.807234999942695985e-01,-1.068337749820113675e-01,-6.804721325340903904e-02,-1.757468412362796495e-01,-5.563413533161633284e-02,-8.296664275918935738e-01,1.778371158265228957e-01,2.235913484411296837e-01,7.033326676260735766e-02,-9.823716737114998598e-02,-1.826445017361756976e-02,-1.781068656141707174e-01,2.657115921398453540e-01,3.525935420814346050e-02,-2.222409234134620770e-01,-2.036609257532456720e-03,-1.635015254328243128e-01,-2.674432760123011260e-02,-1.459048412001028583e-01,9.157751919479983687e-04,-1.374238223263168912e-02,8.958724027266429940e-03,-8.082628843368076799e-02,5.138522280032901957e-02,-4.758099880678309107e-02,-1.241970211965126303e-01,-1.037184255390499743e-01,-4.459347347770829806e-02,1.734314268036254297e-02,-2.784699702187232173e-02,-6.180848795595493550e-02,9.962470539480069998e-02,6.177314103909688908e-02,1.911464194953868892e-02,7.131656185695466055e-03,1.466272540417024040e-02,7.404075531462594832e-03,-6.844402859691833818e-02,-7.395175316473834477e-03,-2.493942318604173633e-02,-3.491438348574728463e-03,2.257670826741862286e-02,-1.721279980293385220e-02,-2.008698915296237494e-02,7.333965965518800256e-02
2.602533411617622505e+02,5.661774707883417829e-02,1.393015079120213384e-01,-3.295842215437309181e-02,-1.050212617859794528e-01,-1.576163051754130365e-02,-8.218453446434554888e-01,1.403527840111071789e-01,-3.515797933656864549e-01,-1.922191918693423318e-01,1.448979587720923556e-01,1.261798744831401364e-01,3.577151126637642675e-01,-6.573541382101727448e-02,-3.349256774813593185e-01,-1.904505213590139134e-01,-8.621704568448509964e-02,3.452899545072656839e-01,6.620108264958413091e-02,2.821224560471569665e-01,1.883676904461287216e-01,2.477919778530869588e-01,-8.394121368937963734e-02,-1.961780099919492593e-01,-4.476302221203221077e-02,1.461786574716760802e-02,2.234606116022885142e-02,-3.083926280775385262e-02,2.294458612358502101e-03,-1.473625444467097957e-02,-3.451919167233728075e-02,-8.622082159432493953e-02,2.483366193062428451e-01,-1.959263083268332206e-01,8.302299213813760237e-02,7.961734065029117680e-02,-4.766602749669254097e-02,2.684461825263695367e-02,3.553094325663873343e-02,-6.756108955735211363e-02,-4.378685328202260030e-02,6.327426902143248877e-02,-2.232704884271967047e-02,6.097363463535371286e-03,-1.322348103670719852e-02,4.887977914286164433e-02,-4.715955552308969539e-02,1.728768111018599493e-02,8.175681247157959644e-03,4.874345861057025747e-02
2.569070098227495009e+02,-2.639663506484709377e+00,-1.458279714586327325e+00,6.111444405017882886e-01,9.114078428169323232e-01,2.451312529873532833e-02,4.977992900442915203e-01,5.096237537287455766e-01,4.579265239812334576e-01,-1.620669854096288831e-01,-6.077503662737518964e-01,-3.866873076080430405e-01,-3.940884369777628016e-01,5.650466583577177238e-01,-1.229419549841697934e-01,7.464872570823613551e-02,2.618628605386464497e-02,-5.266998535371789775e-02,-7.805836127134316293e-02,1.078317115635865769e-01,-8.167220063372209599e-03,4.320281162991132518e-02,1.081100708917982073e-01,1.572442943587896713e-01,-1.708701720358656029e-01,-1.284295483109909042e-01,-2.518686399135520171e-01,-4.815657701573903410e-02,4.398139580075982602e-03,-2.596521893479990517e-01,-2.500894171383560155e-02,-7.067975368868617547e-02,-3.838553262293601526e-02,-4.207713914117844345e-02,6.641999189226979738e-02,-1.024853025984718072e-02,-1.892193578396895309e-02,-7.413980215953519526e-02,1.389961510676023838e-02,-6.767812245071400459e-03,-9.053846015991347251e-02,3.379901093196471112e-02,4.640456435052189854e-02,-6.204586538221477932e-02,5.395380645385309398e-02,-1.946541807964169511e-03,-2.597092186537303810e-02,5.178823633755841316e-02,7.441954697707459099e-02,4.796008652599292876e-02
2.680146966826875428e+02,-2.405840523453117719e+00,1.222369125094148121e-02,9.268210680038888594e-01,7.994764616937380941e-01,4.910367793920240587e-01,3.006095162064049142e-01,8.132075276727753765e-01,-4.279639258512434874e-01,-2.121065334861250429e-01,-1.590127182711988940e-01,-1.366626018729835135e-01,-1.401768906332011011e-01,-1.943449220791579335e-01,-1.702294758218884652e-01,-7.291152066052242198e-02,-2.989619833233052026e-01,2.554691481787831758e-02,-4.250415957545481543e-02,9.177344866361272779e-02,-6.564335617161841385e-02,6.009182861368349282e-02,2.179055293708081764e-01,1.760668132440773026e-01,-1.164265978644393185e-01,-1.292794483347421974e-01,-7.282814306059912091e-02,-6.617461378450256726e-02,-1.383147287425084623e-02,1.191872331201917490e-01,5.773177510768939813e-02,1.387675308961643372e-01,-1.064759251434187481e-01,5.486220230970745293e-02,6.606263252193375624e-02,4.543095478123491265e-02,-5.905620673553768629e-02,3.622869574992459984e-02,-5.109343974427466364e-03,4.199336438099755126e-02,-1.446630289088789503e-02,1.005565403130906539e-02,-8.228147608959238135e-02,5.411413181823759855e-02,6.082509391071337472e-03,7.128611251036949537e-02,-2.785198847829995980e-02,3.298125816876498057e-02,-5.491879277138998067e-02,-3.176501108419988589e-02
2.575769638461532054e+02,-1.865113598433571607e+00,1.889746156708506764e+00,-1.986887986801864514e+00,8.427560571624445607e-02,-8.940416736182701940e-02,8.811252100096227391e-01,-3.312340856584647941e-01,1.421030299972511624e-01,-2.915156669211484419e-01,-2.733651838236196285e-01,2.195501229948280952e-01,3.645356025233802422e-01,-2.964038998945809356e-01,-3.981770237011553193e-02,2.235180735600356405e-01,2.971756261020150336e-01,4.124217967545367181e-01,-3.760190248207738173e-01,1.181460790297831631e-01,-1.173012650969814386e-01,-2.996924464653207831e-01,-8.869766495164768672e-02,-1.802704756607360070e-01,-1.278574732600025188e-01,-2.049489460482600833e-02,1.531132923592133932e-01,-5.255786995348445817e-02,1.960393913690738898e-03,1.257521146727580974e-01,-3.381930996253433575e-02,1.395731993945606708e-01,9.089752368875345101e-02,2.276770900294074196e-02,1.829979920020446404e-01,-8.763451103170247225e-02,1.148173163664067964e-01,-1.730176529774994365e-01,3.408458580110067249e-03,-5.212273715718847983e-02,-9.959177565723220660e-02,-1.453313606759820166e-02,4.727863837949220632e-02,4.122953486756627400e-02,-3.093646082204893483e-02,6.413874908377250987e-03,1.772813767359598253e-02,-2.708199072392728987e-02,3.813338620498911424e-02,-5.424304622951543753e-02
2.615510546118096045e+02,4.766332958403343589e+00,7.751039911078692057e-01,1.619411718844411485e+00,-2.867740013757062112e+00,-4.377544948731593166e-01,1.438144156997800960e-01,2.318956803203271050e-02,3.616898984234659942e-01,3.564760698529278460e-01,-6.030265524794884424e-01,-2.179869803036839637e-01,-3.450692730205167646e-01,5.569227893078980418e-02,8.374430372446842186e-02,1.628029877915268542e-01,-9.949549508766035444e-02,3.433147066255423652e-02,2.349178454637010915e-01,-7.395916067403365823e-02,-2.044211120961560435e-01,1.786846170212854079e-01,1.201677827217320499e-01,-7.964732900385042280e-02,1.057713119349608724e-02,4.201305347409242663e-02,-6.423634985220140481e-02,-5.223152661988600398e-02,-4.120110549269735689e-02,3.930862775142822570e-03,1.796913083627176694e-02,4.665514260450877304e-02,7.078756624871734848e-02,-1.090065370495683361e-01,-4.045291122207445716e-02,2.106917648085516320e-02,2.527561304632667746e-02,1.436978389656432334e-02,-6.756199688563790939e-02,-7.034481369487810554e-02,3.624091450023186976e-03,2.935316821629272918e-02,3.217483594369321964e-02,7.750749486475966288e-02,1.912601213080322021e-02,-2.438251810228641778e-02,-8.066232550929624406e-03,-3.878874709393030640e-02,6.179282008100306150e-04,-5.561099300272175083e-02
2.547508166546901123e+02,-5.932616907973442544e-01,-2.008217514028374229e+00,7.386407025472424559e-01,1.263716780256938677e+00,8.617704032823558791e-01,2.689805290776036140e-01,-5.874932915963551050e-01,-1.316700372939783037e-02,-1.449972215509672813e-01,8.212235697036650572e-01,-6.965888873794272573e-01,-1.218489613495777057e-01,-3.560161439796732941e-01,3.066317929415561874e-02,5.582628779706978739e-02,-3.996265330099645248e-03,-1.471240698398786351e-01,-6.088462957107056844e-02,-5.944379049612404792e-02,-8.655008562525058624e-02,-8.658226869639457438e-03,1.989928679536500170e-02,-1.701637158224938717e-01,-1.619505613782429576e-01,-1.575961678327094523e-02,-1.448523964151036125e-01,-2.155563831325812973e-01,2.591584648049370318e-02,2.334515038719624236e-02,-8.195776477127056370e-02,-2.013153650336566847e-01,5.070796363124736861e-02,6.054018575450949465e-03,4.205046064800982766e-03,2.528672159660070792e-02,-2.744968698608992591e-02,2.948547380566850923e-02,-2.287741910422173841e-02,2.481053004957119168e-02,6.207475712550308833e-02,-3.276213604701176674e-02,4.006041518083210129e-03,-1.516654547656011084e-02,-1.163933502623946611e-02,2.719342914084601354e-02,5.719892470509663207e-02,-2.510687129091375772e-02,6.188364157041981173e-02,4.836242092867988618e-02
2.650406575195573851e+02,1.752725841935808493e+00,-1.822071738281247022e+00,1.021637709438928399e+00,-1.230334747633414327e+00,1.443893362850285467e+00,9.807292425619880405e-02,-7.393059899348082276e-01,-6.295881385613427694e-02,2.211193676081548154e-01,-2.280020093343108623e-01,-3.946373146630927087e-01,-2.495419352750774811e-01,-2.376826113368925575e-01,-6.915575994045167207e-02,3.677600773941576140e-01,-1.338393021733446653e-01,1.638003915501140204e-02,2.054780013829750618e-01,-8.956762136028842414e-02,2.947683781126781907e-02,-2.293308909086763658e-01,-1.723994644465242088e-01,2.435111978052743181e-02,-8.875638172662131051e-03,3.997851813864536363e-02,5.889226796523035906e-02,-5.778389842560034684e-02,9.309031464871353814e-03,-3.375991945835991187e-02,-6.376830211458935083e-02,-2.320901946877963404e-02,1.727863266665659869e-01,4.337908803621863540e-02,-1.061171785311080668e-01,-8.628646588616739610e-02,-2.792246245411351621e-02,2.490440268870167465e-02,-5.721921505613573183e-02,3.175134194526953862e-02,-1.372288597979974198e-02,2.596814778683307484e-02,-3.341727917995425401e-02,7.121606992922599119e-03,9.974260854159422429e-03,-2.473986853746717920e-03,4.608991302226293253e-03,6.452349926633105248e-02,-2.193490398304547701e-02,-4.523361475010080623e-02
2.422463633065509896e+02,4.775152252289481147e+00,2.361235413108352610e+00,-1.562052517539315399e+00,-7.901724812417837418e-01,-1.261112529659413894e-01,-2.071155335432567079e-01,-1.201836072449565362e+00,-4.970776370847862502e-01,2.744105533839842903e-01,2.747858996229614048e-01,-1.084332724668434500e-01,-2.878761244086502358e-01,2.762615512375093951e-01,-2.929484973805731030e-01,-4.693506693085691128e-01,-3.938747078819955783e-01,-4.818803415982189087e-01,-2.906302842335549697e-01,-2.505329325690012210e-01,-1.920251262293322936e-01,5.600256163881707321e-03,1.962691645835148296e-02,2.441159555557917415e-02,3.772982151716174071e-02,8.741170774074133454e-02,5.819598877096533729e-02,1.548262183866992193e-02,-1.464262402390995865e-01,1.400505340799284085e-02,-1.732873573906585085e-01,-7.392604459264713601e-02,-1.590777961396285245e-01,-1.907976544188143969e-02,6.772044851493355666e-02,-3.537051255223980922e-02,3.053624498880577742e-02,-9.147999428585470993e-02,-1.894455718038928847e-03,5.274392275521238779e-03,-4.085757104381789601e-02,-7.499251781628595015e-02,-7.227558670797022689e-02,-1.233345562084189016e-02,8.135822693390833485e-03,-1.658256423707896122e-03,2.779842741622883320e-02,-1.584465019459614307e-02,1.589982790126200432e-02,-2.146668027338428583e-02
2.498594428378431473e+02,-1.018090173708632751e+00,-2.863430985269822315e+00,-1.199917136183674460e+00,3.816993826595329459e-02,1.838695867656173988e+00,5.503974294183152649e-01,2.212939786790097119e-01,3.692456914578578497e-01,-1.705342409137032278e-01,2.118997216322943411e-01,-2.234115196025871219e-01,1.877389376963496392e-01,2.704984292086285574e-02,1.838910274864251626e-01,-1.419900706074436469e-01,2.718973693261356184e-01,-1.279708847604982824e-01,1.394488002381056302e-01,-1.664435487521135348e-01,-8.764089129424060265e-02,8.716343705304412104e-02,9.053883623219893817e-02,-8.580646156815519010e-02,-1.032505388109425104e-01,-1.318824742006687901e-02,7.053378903298872238e-02,1.387555343571763855e-01,-9.334001787996042132e-02,-2.033744398445225809e-01,-1.050050648187610680e-01,2.040112046642016119e-02,7.257551570109053996e-02,1.499175907827526855e-03,-3.722438339965315757e-02,-2.425703215901004600e-02,7.899391687314220867e-02,-5.647145576105866427e-02,1.150844631435456178e-01,2.127076291440001352e-03,-6.392978124133567863e-02,1.196739379940695881e-02,-9.424835387823507146e-03,1.588377383649819050e-02,-9.115463544104680793e-02,-1.049842067655608890e-01,5.566259300082075992e-03,-3.863770306665282456e-02,-2.679585311335042769e-02,-5.406999237992393681e-02
2.616165333761549050e+02,-2.701958679791439444e+00,-5.801218661359912321e-02,6.161448662010491489e-02,4.773536786530021558e-01,-5.219303308806154396e-02,-7.317533367546065204e-01,4.569182771550327482e-01,2.903956305151320638e-01,5.978681459041218504e-02,8.639690315669490417e-02,1.104861454308146279e-01,1.097196941288172967e-01,-3.084383872000435733e-01,8.989054224939861670e-02,-1.253616181273990438e-01,6.541727444489560395e-02,1.015949678369151010e-01,-8.886986024341904378e-02,2.255140167136088503e-01,1.246137018149676284e-01,-7.151954047437747430e-02,-2.211068974036779072e-02,2.099590086740284745e-01,7.678808774684864336e-02,-1.014400096453344224e-01,8.122253596925230190e-02,3.386400359043263697e-02,1.790762259654062882e-01,-2.568694609841652016e-02,-1.074269141252235799e-01,7.131383552595722819e-02,6.040917824306632315e-03,-4.439025278113892248e-03,4.313515342720950635e-02,-1.941049086313770267e-02,-2.516241459689914570e-02,1.072147519150849354e-01,-4.540480134614087449e-02,7.102917178650011709e-02,-5.045221199859595274e-02,2.801254459397076180e-02,5.707720411698316391e-03,5.398303670623742431e-03,-3.187728787504645611e-02,6.744154224687011479e-02,1.969655789111728755e-02,-5.605822650404024797e-03,-3.281143143156737413e-02,-9.585385421564738065e-03
2.460891239624416755e+02,3.260044348123969371e+00,-1.411684470498794308e+00,-1.561885106784057786e+00,-3.171833288865795186e-01,-8.878631962006992839e-02,-5.009681012102211728e-01,8.730839631554612179e-01,1.808307743365252240e-01,4.680408137666325352e-01,-3.004458227889864608e-01,-1.083571039670681302e-01,3.534620292680222819e-01,9.073739875150818590e-02,4.480022711776240341e-01,-5.144046090147352812e-01,4.238169458775268295e-01,-5.065086328884436107e-01,-1.124636064346924702e-01,2.847563607432527233e-01,-8.693658799431021322e-02,1.461608764655469295e-01,-3.932984237684720163e-01,-5.035389478789309772e-03,1.387650328171718128e-01,-2.068068069054050315e-02,-4.370454781163045366e-02,-2.742862822527506461e-01,1.395888658548215533e-01,-7.867077181945665576e-02,2.176687997039738684e-02,5.915802116433954705e-02,-7.496219294345700737e-03,8.736351445360816814e-02,-2.458483146110319872e-02,4.232619367874378147e-02,5.328235679479329662e-02,4.071212932095807924e-03,-6.366008834847147746e-02,1.480027185092466432e-02,-2.913734949435721824e-02,-6.790427218998246195e-02,2.299405807014049535e-02,1.002699410908787225e-01,1.623920741848088739e-02,5.455833335767290918e-03,-2.802433380276065852e-02,-1.507979264139831755e-03,9.349237637305532825e-03,2.798575442848394434e-02
2.677317668157577373e+02,5.768885868190354316e-01,2.320653439565911746e+00,1.020488848896721645e+00,9.400284020260312179e-01,-1.309792791144111790e-01,-1.400326151779668349e+00,-5.266221552561303199e-01,2.681985152293045460e-01,1.671683051390345232e-01,2.878811089365075904e-01,2.185888295231782352e-01,-5.203875962299743529e-02,-4.378878108778576361e-02,-9.428799308320034989e-02,-5.528953122967640299e-01,-2.925978473326911744e-01,2.305524987179001783e-01,-1.988647275034243767e-01,-2.590987408030984152e-01,1.815351118457233515e-01,-7.515972231924680780e-02,-5.356810021805719080e-02,1.297282452934208630e-01,-1.115157186297009301e-01,9.906292694481358407e-02,-2.715709782487188972e-01,-8.957681539389807102e-02,7.599743354152295460e-02,-4.235545444833234419e-02,1.372465798111200952e-01,4.724251675361480080e-02,1.415334399758277073e-01,-5.227994989895956568e-03,-9.859775865623475986e-04,7.239639566698916062e-02,-3.650078158592638677e-02,1.833730573437272748e-02,1.104068380593065390e-01,-4.683868673017935885e-02,-6.607457118680364061e-02,-3.151715834259026516e-02,2.989188067591610955e-03,-6.453509841948641516e-03,-1.153760878202750306e-02,-8.412081703029709173e-03,5.680675770568392041e-02,1.884233252918054297e-02,-3.744750982744434603e-02,2.323946659583557388e-03
2.694817489374328261e+02,-9.950699528149135054e-01,2.949256849989241314e+00,-3.645683956398089731e-01,-1.217162889974213957e+00,6.940691501847198186e-01,4.954456959792141180e-01,-3.063198838749109920e-01,-1.796140181719211304e-01,-4.654723594164478229e-01,2.564343599653224337e-01,-1.436294275810822973e-01,4.775283395545106696e-02,2.602665690108050822e-01,2.684597631885039526e-01,1.271417449162530189e-01,-3.181658939031250521e-01,-1.685715426647065862e-01,1.792847080955414785e-01,-1.700278342415304511e-01,9.089120829434998994e-02,-9.871193744244586427e-03,-2.802585927006712163e-01,5.754201791095341079e-02,-8.854821047231024866e-02,-2.027020083434914466e-01,6.584700200480586574e-02,2.894557994220748817e-02,-1.908947176809199786e-01,1.102425957375541971e-01,1.056382314127190802e-01,9.792740314905412635e-02,-3.657098107850886848e-02,-4.789504840064334745e-02,2.784501082830887972e-02,-1.235684800309395925e-01,-3.403829434038975477e-02,2.082229275133444246e-01,2.851278191304577186e-02,-1.886220553424994338e-04,-7.482311303792793522e-02,-6.108571659934739634e-02,7.855175108144385465e-02,-3.340169370011129846e-02,-1.758278668593826061e-02,1.500995668720019396e-02,-3.412625920012595654e-02,7.466587020850320999e-02,3.010169697056318955e-02,6.638568084967122473e-02
2.317987507822221289e+02,-5.142675277921056498e+00,-2.150723411691879416e+00,-1.211919043813875607e+00,3.138103842386860687e-01,-7.092389463663844040e-01,3.672061962837608329e-01,-5.388643188331138090e-01,5.644378732271304600e-01,-8.004840536094803838e-01,4.995443243531361155e-01,1.961949649687037833e-01,-1.739737212809470412e-01,4.246870164725073948e-01,4.526850676676213991e-01,2.300756565464636694e-01,-5.035034511620579967e-02,-2.621835518008286403e-01,2.469821989685394483e-03,-2.996828037808001860e-02,1.488825308612589694e-02,-1.508992703101929844e-01,-1.193070891195259497e-01,-2.937905275331016350e-02,1.766037379558290099e-01,2.281196185616967964e-01,-1.209834281934294847e-01,-7.747059492767112421e-02,-4.769739210262076423e-02,1.240004335806489388e-01,2.532618700689502969e-02,1.442329830400244650e-01,1.680770700996528366e-02,-8.305301075662960275e-02,1.149436119148369573e-01,1.523478473236965572e-02,4.894311848116363051e-02,6.374878613542497852e-02,-5.615107432422468403e-02,-1.403733682367616087e-01,1.014935314008506423e-01,7.983972671421933620e-02,-7.762806791870514866e-02,8.303794039300158025e-02,8.946384477352752052e-02,-6.585030470751489229e-02,-1.671702156224509628e-02,8.797577704635021340e-03,-7.559056499969871168e-02,2.672255085369129590e-02
2.673297145061433753e+02,-8.227600927453998514e-01,-1.225302986025772825e-02,1.425444765375827538e+00,-5.932276136678454881e-01,1.000432992547263256e+00,-3.152101127577852102e-01,-2.503744580279260723e-01,2.852381441976028359e-02,2.861879536538334823e-01,-1.615176278471957549e-01,2.846479347907089341e-01,5.124169544469554527e-01,1.539796228774420184e-01,3.064238580187728100e-03,-2.631634955717906399e-01,4.092003526264400004e-01,-2.269853273909372970e-01,-2.586220281494452378e-01,1.992178796940133334e-01,1.601340282580850927e-01,-1.410576556553374272e-01,7.457845876182549183e-02,-1.051240537073608178e-01,-2.332981732603489622e-01,1.899427208760883501e-01,-6.410144106751351767e-02,1.873760944181062926e-01,3.204043466504939708e-02,1.229340704221338620e-01,9.134246433734802273e-02,3.229463246466669768e-02,-5.316303296423827845e-02,7.879409332381627495e-02,-1.361583764321034305e-02,-2.285137819143313181e-02,-7.214359460225565346e-02,4.683973557468774918e-02,1.029659979207625253e-01,-6.729756404288207705e-02,6.484407367798761257e-02,2.366808012831974478e-02,-2.913640446236913720e-02,1.887028677033961242e-03,1.449755375297464600e-02,-6.130231566886390482e-02,-1.038308354085348481e-02,4.596476294596074652e-02,6.641629469252761930e-02,-5.447299771273802702e-03
2.449154605300104777e+02,2.356575918657003221e+00,6.328356590013340943e-01,-2.737702489640130743e+00,-7.399700521281706855e-01,2.732193234810070814e-01,4.479515470176364533e-01,-1.740563150836504924e-01,-5.078339766234020447e-02,4.401049083885422708e-01,2.980590090935010261e-01,2.358709618693780319e-01,-1.853346022373663915e-01,6.902721180361573450e-02,-4.957302155195069671e-01,3.959875042513787413e-01,1.590494231349719456e-01,2.947520100308730351e-01,8.460400855114631746e-02,-2.111374311512840829e-01,1.989425879909605469e-02,3.387159026278847018e-01,-1.926526089054828861e-01,-2.058827396286419253e-01,2.463314633840723022e-01,-1.476176130665032837e-02,-1.562887352162150023e-01,-6.302333369488302695e-02,1.096253443935445437e-01,-5.451207923405074901e-02,9.666532814542103114e-02,1.360217560023683769e-01,-1.706906703826364946e-01,1.456965731501756178e-01,-2.268220926646742283e-02,8.185406489927814222e-02,-7.689867222824835202e-02,1.894429006202894093e-03,6.643713180482213598e-02,-2.126935112032447145e-02,4.998226003706953552e-02,-3.256983175794061353e-02,5.195495341912870213e-02,-2.580512477062748070e-02,-5.035952426529925752e-02,-3.088734730445159143e-02,3.305766253750627021e-02,3.662831604028643495e-02,-3.763437251229119485e-02,-5.457282378500427980e-03
2.438817305467910614e+02,-3.532311813640876541e-01,7.983296077799530988e-01,9.686469315200009200e-01,6.696237786774317247e-01,9.658842105410950785e-01,-4.267409430156592909e-01,-6.831419481023081053e-01,-9.662116407505543236e-01,-4.750577393058043052e-01,-2.187460652759352642e-01,9.130427541535321989e-01,3.071031000604937944e-01,3.706529826039552944e-01,-4.314476966402525787e-02,2.526063082560514594e-02,-2.007822250540640674e-01,7.883177989835712940e-02,1.214214428369282117e-01,2.841726257441922199e-01,-2.026361557870252558e-02,8.994821292173114935e-02,-1.563613384961018080e-02,4.498852476657112104e-02,2.153159068575342672e-01,2.001309874301113179e-02,7.146527879126571281e-02,-1.891673003598575709e-01,-6.969266613553252998e-02,-5.950186943154909397e-02,-2.479807605569168683e-01,1.328731845581630246e-02,-5.553574183423108657e-02,1.257979594563568282e-01,-4.530239840485360270e-02,1.010773059774667214e-02,-2.376537649854660456e-02,-2.643970690487072381e-02,7.789947905294181130e-02,-5.567951441922677942e-03,1.947664759457013589e-02,2.692933685464939456e-02,5.414314950245684155e-02,1.720073716132048888e-02,8.234262735806441302e-02,-1.836405611691358658e-02,1.498903226737524587e-03,-1.876503432632233015e-02,-4.325642276355338295e-02,3.011214125218005661e-02
2.637749379774098202e+02,-3.566529046151007520e+00,-1.339170662833238656e-01,1.084825585602040121e+00,7.260340613146520905e-01,-2.725545616977854690e-01,-7.821028391066564556e-02,3.821469379095332464e-01,4.288780451863956067e-01,-1.575272962764847906e-01,-2.516614941776521008e-01,2.040358474415765733e-01,2.648667956265289905e-02,2.837525543995406685e-01,-1.587717939870911810e-01,-3.570315940219064843e-01,-2.297142694912168888e-03,8.300308310562540259e-02,4.382325489732394885e-01,-1.618004183082212832e-01,1.871187728661445060e-01,-1.901213997255159563e-02,-8.880763352149953146e-03,-1.095790003574918375e-01,7.438997055135880554e-02,-3.816402913087783844e-02,9.939290587360424811e-02,1.357577191791262128e-01,-1.736824561964649821e-02,2.836989273880521217e-02,6.129812148437872865e-02,-9.128697966537462072e-02,4.831431967345936607e-03,1.167974057600926763e-01,-2.047674186711283609e-02,4.931957225481883172e-02,5.477584827388439631e-02,7.023977575082346325e-02,-1.425089913516745521e-01,-6.584296253813091970e-02,1.545406111644740711e-02,-4.273859922149314539e-02,3.853087161804669841e-02,-1.187471014725181850e-02,-2.836644265257715763e-02,-2.251375901651761144e-02,-1.326291880836096004e-02,-3.054606445971189133e-02,-1.375126582993760685e-02,-4.914125722647926658e-02
2.304940575119053960e+02,2.710195381779599177e+00,-6.576086034003815195e-01,4.181333531688751215e-01,1.636659067572973913e-01,-1.506892582143066983e+00,7.188617152535221599e-01,-4.125846728491914805e-01,-1.449763268319997911e+00,-3.840665442206815383e-01,-4.864885616862355683e-02,1.637371909198825082e-01,-1.174734804657508791e+00,-6.474623957010336994e-01,6.249916229288507985e-01,-2.398047188508221905e-01,4.886004097366392074e-01,2.093638937693213242e-01,9.277077147451726069e-02,1.496484922590596012e-01,8.924049443742862464e-02,1.006073326963607545e-01,-1.662850866116962756e-01,1.153775278799422932e-01,-2.877832379540312124e-01,5.452748018663624435e-02,-2.544518439045840782e-02,1.084631983564001700e-01,-2.668806196978732934e-03,1.399971450595231294e-02,-9.871745817754018926e-04,-4.013843316716770443e-02,2.173939629367062105e-03,1.408492568084830296e-02,-8.553850428626141519e-03,5.342727369393296399e-02,-5.191917793105681189e-02,-1.955347976775113211e-02,3.173038420962679546e-02,-4.129633358108093788e-02,4.935846655177265202e-02,-4.317614955739247293e-03,2.513460919962649462e-02,-1.648749298018583470e-03,-6.109763624904578083e-02,-3.597406302808080214e-02,-2.371946187725581731e-02,5.410398021346030095e-02,-2.121427763208661929e-02,1.600801720792420155e-02
2.638154995866997865e+02,-3.969121870032968347e-01,-1.278546413566928441e+00,-2.773052811582907284e-01,5.688899801320078664e-01,1.911163638320856895e-01,-6.281679880539846605e-01,-4.129106770892570499e-01,4.343238181389360020e-01,-1.974233249806939261e-02,2.389562948757665839e-01,-2.028605876461208324e-01,-1.213985726102686930e-01,2.801121258153228474e-02,-3.987862801303586613e-01,-1.110925482200853381e-01,2.425980298819043271e-02,3.855699232321480041e-02,1.578443592486347968e-01,-5.578385880670402863e-03,-9.168547170031995930e-02,-4.751044556552795617e-02,1.351571157706190664e-02,1.746863815602615151e-03,-2.332772810983677336e-01,8.938378471429739291e-02,-8.361041936923997719e-02,-6.520233479177180158e-02,-9.036473616225153271e-02,3.274230153980492442e-02,-1.292192461340644638e-01,6.408496743508992899e-02,-5.862839115169266382e-03,5.684127474902482546e-02,-7.569272504560339843e-02,8.464635530105513173e-02,1.004065133141359978e-01,-1.420633927209606073e-01,-2.658277123549117674e-02,-1.504675807785675612e-02,1.022383724738807481e-01,-1.026873351397519438e-02,-6.537893653855278431e-03,3.447534949015508467e-03,-5.969485775478360068e-02,4.119853636645276485e-02,-9.079883006999708503e-03,-3.758072308355582536e-02,-1.173210564882958516e-02,-9.505321718236563189e-02
2.387086723201171878e+02,-5.861470470381924258e+00,4.734624328332698084e+00,2.084320612924633609e-01,-1.089636070614541818e+00,4.510181117323834310e-01,-7.177564476090436685e-02,-4.839537524435028604e-01,1.042523690825154281e+00,1.329607747535248019e-01,1.797122839686079721e-01,3.149964779665511139e-01,-1.623316010608784055e-01,-3.216480138868598182e-01,6.400482872125926037e-02,7.055631311500998315e-02,-9.860355642715049052e-03,-2.195982613875953615e-01,-2.265803915950020953e-02,9.284487410772608584e-02,1.116780315856272382e-01,5.863688275923904097e-02,8.164189887717018812e-02,-9.538258095760429600e-02,-7.100208745873129099e-03,-1.600266965171444622e-01,6.193944360614421496e-02,4.667442103331322090e-02,-1.006892873253681098e-01,-2.027022904384563895e-01,1.467418751268340371e-01,-9.463762906545669651e-02,3.780902168958128612e-02,-6.823483184961205705e-02,6.440838672566477630e-02,6.902254949415059793e-02,-3.096746293209264728e-02,6.652090468425261513e-03,1.960193035069382472e-02,1.167292526898323565e-02,-1.758127661555994314e-02,1.079741566872997882e-01,-4.287959536808796934e-02,1.242364963418275507e-02,-3.995660092298373295e-02,-7.628242729492512759e-03,1.404383831862264856e-02,-1.966993567694464567e-02,1.696340648570973664e-02,4.159160114359632121e-02
2.618144731652810151e+02,2.699403268136712164e+00,-8.518664483743817462e-01,3.306045284271776352e-01,9.477221344812567505e-01,-2.450301485733652473e-01,-5.561284816851175261e-01,-3.755784103648907579e-01,1.186171718912802486e+00,3.591007275061326998e-01,-7.228178626615137936e-02,-6.111220866122526463e-01,-1.054135881778455186e-01,-3.325460696066993849e-02,1.831135139810695089e-01,1.938671031962669322e-01,3.526277182386088754e-02,1.249474969135035141e-01,-2.331500366894892484e-01,-2.218493775087665709e-01,1.112327664423108792e-01,-1.657260412915124992e-02,-1.567377588854587667e-01,1.062909699936581409e-01,1.665316031509577188e-01,3.711983313984611177e-02,3.006404287468525949e-01,2.305072183882788187e-02,-1.508500446118187302e-02,1.123393659020508195e-01,3.098033254049741350e-02,1.358385226593793139e-03,-9.839330085583500307e-02,9.967782024280469333e-02,4.616792608911822471e-02,-6.003719856628823154e-02,-5.615057462172693553e-02,-2.528208871011874970e-02,-5.369015234338536668e-02,-3.107892623940610236e-02,2.809727099940442785e-02,-7.798759736775592519e-03,3.445323077870089679e-02,1.802500368343790821e-02,-2.571000222620349954e-02,3.160530440412779446e-02,-2.030770210751918839e-02,-3.380565812856974051e-02,-4.477547063471058048e-02,6.645784868735907236e-02
2.471364952570780247e+02,3.089896314252160714e+00,-4.101856882882766620e+00,-2.012506021122034028e+00,2.057132536829932579e-01,-9.970957051730096055e-01,-1.564639903866133219e-01,-7.665916742749599722e-02,7.293036053810537656e-01,-2.534049733352441991e-01,-1.907576687457232245e-01,-1.019849145256681300e-01,-1.846116571453313912e-02,-1.001077547121718148e-01,-2.683287897796928223e-01,-4.490797224318271996e-01,-6.376577717325741801e-02,1.705492198794295033e-01,8.272943935349372224e-02,-1.296277852875206693e-01,-2.972785134842404961e-02,-5.059584837715173922e-02,1.237819184212693713e-01,-4.794293076730292945e-03,-2.542012929709024441e-02,-2.206267005267405490e-01,-5.858303483092186514e-02,1.322731862975581874e-01,-4.365642701539677872e-02,2.398821888431970292e-02,-2.359294143230356022e-03,2.227402611831249268e-01,-2.323443076704841820e-02,5.372619640292767076e-03,-3.960816120617666886e-02,7.881701843928065609e-02,-1.693849359482688804e-02,3.992642009562026584e-02,3.142630633369870863e-02,8.255854166282965145e-02,4.588828213567527209e-02,3.400770234991808139e-02,-1.174912575384704817e-02,-2.393938816794980579e-02,2.206676840876416884e-02,6.253910060833212103e-02,-8.239703332398021218e-02,-5.050402453973515740e-03,4.955821147694275397e-02,3.235606876397836840e-02
2.557054499940301469e+02,4.003853493159807542e+00,2.260556029080291185e-01,-2.080373031723566690e+00,-3.994583370762320729e-01,1.115948330545855738e+00,5.053852766696609322e-01,4.837841496567406030e-01,-2.177940197647584564e-01,4.346716258255399756e-01,3.068570156283988437e-01,-7.988989630737219558e-03,9.772867144604721612e-02,9.498825507490812892e-02,3.271681308643393793e-01,-9.777976780582268990e-02,1.263238397547106553e-02,1.353079833315439517e-01,3.133331415182127322e-01,1.490253119577743812e-01,1.754567614392200103e-01,-2.162418674121847073e-01,1.284240357344343664e-01,2.044764762923965140e-01,1.605295700761012745e-01,8.160024602742801947e-02,-8.921988677494356243e-03,-6.957676744695348581e-02,1.211872400792785714e-01,3.377155559098288240e-02,1.152550709661954720e-01,-1.127133272035188982e-01,1.167573599922107005e-02,-1.320597194749918435e-01,-8.208519974953934484e-02,2.627666523736520848e-02,4.972933351609130220e-02,-7.751531378199627564e-02,-1.413515614434535106e-03,-3.798151857755435734e-03,3.840008803204054966e-02,-2.219994322708323739e-02,-8.963111260873371511e-02,-7.295937495392214311e-02,1.924223984816315555e-02,1.057176635740861813e-02,1.232684513416696000e-02,2.062841174920215619e-03,1.183283064283971626e-02,-5.734574449751434974e-03
2.436116340322845133e+02,1.691820010123803231e+00,-7.214711996033269514e-01,-2.770337808801382362e+00,-9.265892333845411333e-01,-8.554721020041565760e-01,-6.690002430862661553e-01,-1.095802357681151529e+00,-7.450731105396694032e-01,-7.649976779175712283e-01,-2.620638747343201902e-01,-6.668977532514220874e-01,6.891337978533720321e-01,-5.876686114789627657e-01,1.936989760766160210e-02,1.636472000299998841e-01,-2.591488389350037336e-01,-3.361550126195849697e-01,2.182557706522464738e-02,2.535515054341698216e-01,-1.240033412049648537e-01,-7.068467239141329288e-03,1.727465283963491860e-01,2.831258190884820003e-01,3.335764912451767705e-02,-1.786313190234743997e-01,5.285676617846450653e-02,5.199056776640518379e-02,5.505078379922773157e-02,-2.053350582114307765e-02,7.651055837014261729e-02,-3.317872007484456987e-02,-1.941027645287983147e-02,-1.341660749881032691e-02,2.655635639911758591e-02,-2.185969259208514828e-02,-5.367382314746330790e-02,3.483703049017423947e-02,-1.721214993662636625e-02,-6.351961066581523867e-03,4.057963187986234066e-02,-5.932026654893188256e-03,-3.499312525146181657e-02,-2.959280503423929870e-02,6.639386210853351344e-02,-3.929623045706008566e-03,-3.906342426741905849e-02,-3.044102972329881893e-03,3.348569567049396178e-02,-3.807510591398606536e-02
2.442770509298374577e+02,-3.156916536734271084e+00,-4.493120996727012484e-01,1.749464143262708493e+00,-9.827103173973658068e-01,-7.031294314856453287e-01,-7.514982753994114972e-01,-4.507459725308293197e-01,-8.160778389860547932e-01,2.862372750052065706e-01,5.014532768520675310e-01,1.201838841890435078e-01,3.536644843135435812e-01,1.202496659569787935e-01,5.937471633375365071e-02,2.865689631566660234e-01,3.759778164683135193e-01,3.009034434102216271e-01,-2.130124812790907401e-02,-2.564707390411217758e-01,-1.510198261976855305e-01,-3.602274659799761247e-01,7.301799638830081159e-03,2.144182964323632368e-01,1.472618779251080867e-01,-1.330174866123531030e-01,-1.301553990001240099e-02,7.257258213602529699e-03,6.238578306872259033e-02,-1.367028377916306714e-01,1.226805619628840854e-01,2.746750917243000537e-02,-1.459859135763340587e-01,-9.277637118203797828e-02,-1.219611544666473757e-01,3.593659117950311760e-02,-1.720112809447730748e-02,-7.168320491011823115e-02,-4.907571884415153421e-03,7.097440663248677506e-02,-2.052140747516050662e-02,6.926186075337739667e-02,7.861324926976351324e-02,7.433178548965461985e-03,-1.463360820830738110e-02,-4.613158700427681669e-02,6.528366720403228247e-03,4.933869905967923353e-02,3.594214654376033484e-03,-3.246064594470367271e-02
2.483778341109094185e+02,2.033629211094992062e+00,3.716675527416065522e-02,2.269362034195213873e+00,1.519290890491840296e+00,1.498721164237381442e+00,5.590725645198982852e-01,-3.808634432432997374e-01,-5.293622630885639335e-01,3.881678024537999483e-01,1.192327993189903901e-02,-1.462632671391322914e-03,-2.347397201924401600e-01,2.740371388672430304e-03,-3.333573199357883210e-01,-2.085237441362385730e-02,-9.633661904504713103e-02,8.441711518820010918e-02,-8.723147156946919889e-02,6.935360380355617971e-02,-6.984146465721127739e-02,2.123265766196346382e-01,-6.107078930940952610e-02,1.127503349426327572e-01,7.996860897257626610e-02,-1.035160175018799561e-01,-7.484098434931327204e-02,-1.289475906785087812e-02,-5.513880688714882516e-02,1.356047317475432001e-01,1.355626552535173501e-01,-7.016094307928828766e-03,-1.036060732077370705e-01,-2.703165413534595191e-02,3.077200011571360957e-02,-9.483639671656043935e-02,6.606821759880920908e-02,5.795136466583923618e-02,-3.843879622701663890e-02,2.720585956907952546e-02,2.045987954032690934e-03,1.216723127517795738e-02,-7.256112228602115688e-02,-4.901402646120813986e-03,5.806545874114137085e-02,-1.135566811931646436e-01,8.326997753988580817e-03,-8.102331046814939541e-02,4.378886474617269334e-03,6.699849659503209764e-02
2.271418269581181448e+02,5.902401475532162989e-01,1.010310195288313562e+00,-1.118915297013589327e-01,2.422912784518261642e+00,1.527551320994239570e-01,-4.481388578749629509e-02,9.746884127918047369e-01,4.555194119332113267e-01,-5.666709119375673565e-01,8.220584761040419797e-02,-3.389674102392025157e-01,-2.430184065144599670e-01,-2.069670568202882921e-01,2.897946352361503997e-01,-4.606453813311330026e-02,-1.118311164118731271e-01,1.174335706414025154e-01,1.498543919182845560e-02,9.440996136608582195e-03,-3.787910865502853719e-01,-1.176896826301665755e-01,1.970271425465185688e-01,-4.028779842051728732e-02,1.533268834388687996e-01,1.852932773468305219e-02,1.949579123991671270e-01,-6.518332731311630990e-02,7.834439232111201079e-02,-2.390678986387190924e-02,-4.710272244121127549e-06,-3.484873752576237577e-02,-8.231772132897666183e-02,-9.238586783999293284e-02,-1.082490885143709385e-02,9.662518303062500591e-03,-6.536895135219508712e-02,1.146846882239070664e-01,9.975909636276830694e-02,-1.076237821165742653e-01,5.118562533790976810e-03,-5.801086514445270674e-03,1.049228516041568887e-01,-5.800916209447877156e-03,1.074563447657699011e-02,-4.517365199071755877e-02,3.807225809839030750e-02,4.075699890155966981e-02,-5.268619864978887207e-02,-1.013370252183925790e-01
2.566138705973190781e+02,4.031327861040919558e+00,2.433962583102033950e+00,-1.640450144010491940e+00,-6.952735810556185392e-01,-1.078948944392318143e+00,4.382059218123598443e-01,7.876016418046319911e-01,5.642872959219349394e-01,-1.771538889692439445e-01,-1.329592103705593276e-01,-1.129846627594863762e-01,4.795596496703605389e-03,3.296983040629456463e-01,6.243740624638410841e-02,-1.039731045583177915e-01,-1.549361138245367864e-01,2.044601734207496802e-01,-6.712964394007998881e-02,-6.615256876803442265e-02,2.206702635058619411e-01,5.958818455666296809e-02,1.046789193164438317e-02,-6.937832634693726075e-02,-1.004888009490778888e-01,2.471390342723176967e-02,-1.579933523030748188e-01,1.712790013282775303e-01,1.319462776981599750e-01,2.943410168881799294e-02,-8.470630054707609102e-02,-1.645832277556876500e-01,-1.035249726465572451e-01,4.117871289386122735e-02,-3.498877951849406476e-02,-8.907069965496630659e-02,3.865589356761653383e-02,-8.729763939650062379e-03,4.342080699825390938e-02,1.287173442624343633e-01,4.395956516687973131e-02,2.490457331953898484e-02,-7.783253638894696222e-03,3.389274576687834745e-02,4.303096917420018430e-02,-4.435746817679886433e-02,-2.352478797496789648e-02,5.791368051497298997e-02,-1.999398271604276370e-02,-8.491310169112531447e-04
2.300424486046791515e+02,-7.842485984245769481e-01,1.957347209152735745e+00,3.266842424793167332e+00,-3.584170432314144894e-01,-1.923990751877302952e+00,2.393755642221166546e+00,-3.657167230637083793e-02,-2.110468939959762591e-01,-1.459587859566593981e-01,6.772074464888011569e-01,-5.408437164458528290e-01,9.686560063454905389e-01,-2.604154670938844257e-02,-2.920370848089191007e-01,-1.635243128085998587e-01,2.045575589635198754e-01,-9.526211898536658673e-02,5.571463688372353673e-02,3.172355765416760842e-02,1.501092507673650878e-01,4.445958478145165677e-02,1.018728265829826202e-01,2.051902191591218477e-02,7.816619806203511933e-02,1.387185240247769402e-01,3.769533463534777834e-02,-1.257573685260399698e-01,-3.653763130669805681e-02,-1.158917177528367287e-01,-9.116305368208713067e-02,-1.128438121640160975e-02,8.627040159012229481e-02,1.269106502505907008e-01,3.516326009864064600e-02,-1.945305961582860857e-02,1.825418006117623601e-02,3.289002150759239018e-02,4.768661368832731451e-02,4.685940123740069130e-02,4.853281473385781530e-02,-2.770864915478139442e-02,4.402676930481709550e-02,1.354511223712349596e-02,-3.804215867672940815e-02,3.824795130479067412e-02,-1.209232383463749484e-02,-1.886270873347065113e-02,-5.566449629189727799e-02,-1.156615341808864966e-02
2.365065272739803675e+02,4.097527606579411952e+00,3.121318297971247713e+00,-6.948948167574438006e-01,2.561753509756008462e+00,-4.753120156993576595e-01,-2.174340952256922088e-01,1.029567649135629148e+00,-1.064975292809200891e+00,7.468786469014739859e-01,-2.996699053206982599e-01,3.787267857833216955e-01,3.828762437540298991e-01,-1.390618133097232811e-01,3.272505004372118220e-01,3.147866610812350974e-01,-1.364050955661283704e-01,-5.708347195081001635e-01,2.334733713170715208e-01,-4.068155869966368354e-01,9.889480337790054754e-02,-1.563721820847392419e-01,2.814244785357181144e-02,-3.171171790225568166e-01,-1.942165591195653407e-01,-1.028580347828569842e-03,3.236026424327850121e-02,-8.129659330626815006e-02,2.243077608275353615e-02,6.485473927962140395e-02,1.574994659604708400e-02,-4.183105481978463547e-03,8.234204422074574425e-02,-1.259905146256093920e-02,6.591005216112175158e-02,2.663312835287432682e-03,-4.134445809411176759e-02,-5.581720611398035409e-02,-9.302729649840549286e-02,2.785443786129613436e-02,5.380813023551740681e-02,7.363459835085997551e-02,-4.239894208490847805e-02,-2.950827130991596700e-02,-2.362342662469337634e-02,5.850584479460958602e-03,-2.608475784979756226e-02,3.715438906088022915e-03,1.043468512007885395e-02,-2.106941651016108058e-02
2.417931492593150438e+02,-1.953339674435905948e+00,-1.043330564943220740e+00,1.435617898154629923e+00,1.481244202223534590e+00,-8.561849490970171450e-01,6.255050632853256243e-01,-6.059973651447168042e-01,5.736024785924321856e-01,2.771038732169093244e-01,-4.249813830794190173e-01,5.790896864947644440e-01,5.708800801079036424e-03,2.539498733175121759e-02,2.656309278929617212e-01,3.352449201542416213e-01,-5.736375888407833912e-02,-2.712284441828504145e-01,9.572015183645429803e-02,5.522207866069604038e-02,3.823017395630776832e-02,1.425023779970912008e-01,3.005578945827803647e-02,-1.191374494845263109e-02,7.397351480516105304e-02,1.660913351020266160e-01,-5.281958432816062643e-02,8.660222988117977083e-02,6.107513094398634573e-02,-1.335388747662152875e-01,2.005476894997170606e-02,8.756929836029814229e-02,-1.091390343584730527e-01,-1.206215700326635221e-01,-1.185611902471860740e-01,-1.663787108593579589e-01,-5.285836835349827512e-02,-1.328552553272558390e-01,6.113666776748819670e-02,-5.332421084274543283e-02,-4.990587372547840295e-02,-1.402550933612631001e-01,-1.778880053689814097e-02,-2.998903892361147808e-02,2.523635975132428738e-02,4.224567585683477317e-02,-5.619809848248428358e-02,4.521407718518596908e-03,3.945748503786314365e-02,-7.146687735426343613e-04
2.544877383792144769e+02,-4.722166242109818945e+00,3.536444296560063982e+00,-1.557824696315655899e+00,8.120349162478260885e-01,6.341142309156639900e-01,6.373734961094176255e-01,1.095677139551132634e-01,8.620919476062031961e-02,-1.226891508754928972e-01,-4.195993490158518857e-01,8.822149822371339045e-02,-5.033156600988493157e-01,-4.711652171779373011e-01,-5.349253504938702442e-01,2.908930756798288053e-01,-8.481033280586325329e-02,-2.217927408932693443e-03,-3.412541202077878921e-01,2.778305183408308898e-01,1.629771161443593630e-01,-9.399213552973666175e-02,-6.594278496511248033e-02,9.912127075186228514e-03,1.116945386786216687e-01,1.194240178632645782e-01,-6.182932542928779723e-02,-1.766371598362207959e-02,-4.451011469985601682e-02,1.067452977126797688e-02,-1.568006362892292171e-02,1.686185692666840319e-02,4.423385393384623304e-02,-3.494105216201720543e-02,-1.437632504404992295e-01,1.150151118211106827e-01,6.854010519030459547e-02,6.197150227441204987e-03,-1.149841235770772546e-01,8.359505407947595557e-02,2.298924594254504392e-02,-2.753893134605411852e-02,5.961582475742847193e-02,-2.817078425132024666e-02,2.064328426314011693e-03,-8.747281715127558713e-03,4.198969389010084874e-03,2.330766844558252587e-02,9.178975942625788864e-03,-1.175600328710843176e-02
1.961690872899600322e+02,5.490105314337976328e-01,-5.689632640227022975e+00,-1.732839809306163215e+00,-6.629307271267761981e-02,-1.443134982451988346e+00,-6.002356486558506621e-01,3.220177313897844007e-01,5.870047952250990065e-04,2.075354546398190947e-01,4.264903188049194438e-01,6.792975828147914674e-01,-1.499452260323246890e-02,2.665912695203622590e-02,-5.000718016010352596e-01,5.063913826527695061e-01,7.751266083149507824e-02,-8.628986064006559376e-02,-7.531531060661619814e-02,5.659247688885647720e-02,1.554666836753499370e-01,7.591633268209863061e-02,1.223511255870029374e-01,1.237315921829814924e-01,-1.733101558880021931e-01,2.026803368263466187e-01,1.821870161346665351e-01,-1.022321059507067254e-01,-2.295925019743929041e-01,2.005956348088407462e-02,1.918617893210110004e-01,-2.495024238606649014e-01,3.336745532215537602e-03,7.007192082020596846e-02,-1.880574492481380464e-02,-8.463352670477074235e-02,-1.497839341791690725e-02,5.296204523067711556e-02,3.083822861636007634e-02,-1.964575985011148690e-02,-5.444494113158905579e-02,-3.520352034167532201e-02,9.576875751997143910e-04,-3.069828975123534837e-02,-1.878517102743351708e-02,1.856095773182342467e-03,3.884853186327365954e-02,-3.988145598791482949e-02,-4.230713753260502419e-02,-3.999440243788130248e-03
2.511576059780093146e+02,4.701143207489325571e-01,-2.981712068883670685e+00,9.711128952719126906e-01,-4.134777002836587667e-01,-3.724579313183671303e-01,5.175614542159598930e-01,5.468348322120669680e-01,-2.034585574173524702e-01,6.490239983134701296e-01,3.153112100402890028e-01,1.321590981453556191e-01,-9.667710454229394915e-03,1.114605376173343210e-01,-2.525946021610676051e-01,-1.908584472639775209e-01,-4.530655461291581421e-02,-4.618599144630788217e-02,-4.422046236348806114e-01,-1.000456288178232789e-01,-1.614601973435283999e-01,2.787052136338772843e-02,3.825456325952254766e-02,-2.762555278100964351e-02,1.593741431740152703e-01,-6.218822846797676662e-02,1.889363840926251148e-01,2.037884358863847889e-01,4.800930287474693137e-02,1.628355969542992221e-01,-9.366835040617325914e-02,-3.061637122461893096e-02,6.518407466712639042e-02,-2.806956114614364006e-01,1.807746789353128353e-02,5.084495790855199371e-02,-1.073288068260195016e-01,-3.651992723558145082e-02,7.339512243573771688e-03,7.353368758197319222e-02,1.424064326672910786e-03,-4.369387836625486521e-02,3.379412512749461334e-02,-1.808266721760300871e-02,4.782343761044344915e-02,-1.861651300289304811e-02,2.069881043946985438e-02,2.063160232864808680e-02,2.157586618590796868e-02,1.722506391175137458e-02
2.347967496414098605e+02,1.633225889556670252e+00,2.530166270146418372e-01,1.354471861382225750e+00,-4.074754243453607150e-01,-7.514307230189951614e-01,-8.505673879420072581e-01,-1.250732046829799105e+00,1.507052969833375111e-01,1.794346092214403054e-01,7.326249411410853951e-02,2.407258562442776972e-01,-4.216675371074824485e-01,1.815421490269399085e-01,4.345565390527751370e-01,1.646187226845194085e-01,1.751955331276996153e-01,9.344925323816148655e-02,5.566634272628203511e-02,1.244834602272612833e-01,-2.411800825834028994e-01,3.537498745192574345e-02,3.477167178165171957e-01,-3.507017264718420013e-01,1.360552756057262225e-01,-4.037478235917620756e-02,9.148670771324737827e-03,1.189152766930694494e-01,9.399195948280340829e-02,1.084495426024959241e-01,-6.894864809957418350e-02,-5.720098884586896637e-03,1.154929055033423156e-02,1.285259341364666241e-01,1.056811357917730315e-01,9.449610539672961829e-02,1.097420882773279260e-01,6.649507404658469567e-02,-6.451351499796328937e-02,6.957376066774353940e-02,-1.193207310635071156e-01,1.219020194567907445e-02,-1.227440849592339664e-02,-1.049717193784985465e-02,4.718046074288816463e-03,4.607475219858481186e-02,2.566021888134705463e-03,2.590503167215698482e-02,3.793905485097441577e-02,1.382498201273780515e-02
2.517363364626029920e+02,-3.433747982728006409e+00,-2.185104712485489209e+00,6.667911483487380941e-01,4.406075701145484996e-02,1.018240119879126215e+00,5.582635652437557827e-02,-2.044183687786637338e-01,-4.924011597919756289e-01,7.248141408547255360e-02,-5.703282574517529735e-01,-2.505857700774188901e-01,2.418779259626438749e-01,2.320950256826846692e-01,9.430117367999302225e-02,3.671845394609792035e-02,2.690290508208851433e-02,-5.400714643092027062e-02,1.082780254778759055e-03,-1.074015287820280218e-01,-6.320299394979073462e-03,2.671426573526226034e-01,-1.406035658823442946e-01,3.926910258217841676e-03,6.800765122976581978e-02,-2.898028799767882191e-02,1.639633768227766533e-02,1.803363743849914769e-01,9.549844421005580786e-02,1.900787353308979214e-03,1.806813622912376016e-02,-7.293179328033783104e-02,1.171907591483672267e-01,3.408903974844599595e-03,-5.044292123249007054e-02,3.559861058884138119e-02,-2.088564476531095532e-02,2.428494377083811190e-02,-3.703058749969367208e-02,-2.451280649749118523e-02,-1.054858980654390169e-02,9.150063162595992172e-03,-1.174068517069570480e-02,-2.550512043693447042e-02,-8.883493982337255235e-02,9.192242102342060295e-02,3.416708657658293347e-02,-2.802134688890337705e-02,3.985503141590392845e-02,-4.026643965445856482e-02
