2.602469841792178684e+01,-5.068313049560693173e-01,-2.697386277202321603e-01,2.336762025971967360e-01,3.667878924618154235e-01,-7.572741491925734092e-01,-7.510855529503087658e-01,-8.870820691550665993e-01,-2.688776688156441774e-01,1.764043706249023014e-01,5.064543446033815677e-01,-5.001872060895763417e-01,-5.426326754559934740e-02,-9.267532604296884191e-01,3.861340752315837732e-01,2.919552200781854734e-01,2.761522504242958087e-01,-3.730461630819008334e-02,1.055284082648636490e-01,-2.703322170731307650e-01,3.105984204833966422e-01,-3.540578533622481539e-01,-1.848936645335126361e-01,-4.385172849203405332e-01,-1.204737080767014079e-01,-2.271959141798756202e-02,-2.160412002153312139e-01,1.740118578482628131e-01,-2.348819679963981832e-01,-2.836063975045627350e-01,3.922028237898948083e-02,4.173235708835144608e-01,-8.401301254621681980e-02,-4.221741484651831966e-01,-2.600210094820269366e-02,1.516394102863078894e-02,-7.779305008080401873e-02,-3.473386077864827337e-01,8.587851925771136652e-02,1.199733245957338851e-01,5.939839962440074395e-03,-3.473531165029274392e-01,-1.566705655101011674e-01,1.504226201304364463e-01,-1.285214669844569804e-03,-1.512850488996075882e-01,-1.712497954746994844e-01,-2.296783430496106004e-01,-2.432006564428982887e-01,1.796380706212581946e-01
3.095648864697279734e+01,-1.990295339902544258e+00,-3.387412744689797806e-01,1.483745961189925355e-01,-1.389279227284429430e+00,1.132564475179624441e+00,-7.790203625700320433e-01,-1.260431808427338485e+00,1.863954892149354836e-01,-2.137859052235884794e-01,-5.460874355567457705e-01,-8.105769801638740280e-01,-1.713523547043591666e-01,8.830409963777542393e-01,-8.187646198788703922e-01,-6.394776446803793757e-01,1.289806368140778425e-01,-9.295449834632230068e-02,-9.122059367892012549e-01,-6.180660839983420640e-01,4.503849505414564414e-01,8.019052328637981120e-01,-1.144157904925388464e-01,4.880133239203374163e-01,3.290031986944282338e-01,-4.645621812596679723e-01,-1.582662810423144939e-01,1.088925709252240165e-01,6.228369520079504174e-01,2.599733855082417833e-01,-3.446577738336130681e-01,-8.779929911908936901e-01,-3.467184419700529430e-02,7.454714320590366539e-01,4.020025658974386851e-02,-1.794410105688814538e-01,-4.937220784190392564e-01,2.836097832523746809e-01,6.769087149526467617e-02,4.888523272897949967e-01,-5.919342555165511138e-02,9.651665536107173482e-02,2.052314100671678021e-01,2.085462321801476518e-02,-2.506857898514106009e-01,-3.430286672123504244e-01,-1.860515014183062310e-01,-3.944695113154789712e-01,-3.580538731260404783e-01,-3.676071273673724854e-02
3.211999947034627212e+01,8.753741855448009535e-01,2.301746445750700309e-01,-4.807676557263614037e-02,1.486547211061216012e-01,2.200418053732329793e-01,5.719869158905516171e-01,-1.323904683901870050e-01,2.075067048948528170e-01,3.417660995977060412e-01,9.589972079136778182e-01,5.114276641654246225e-01,4.410931138355732029e-01,6.912391071356009942e-01,4.390947330727702769e-02,6.264827856406671724e-01,4.044375361873494557e-01,2.009466551100736464e-01,-3.238791451331500815e-01,7.715692363348218841e-01,4.423982042320426800e-01,-8.670046311232649794e-01,1.141537504215631021e-01,-3.449571031977143043e-02,1.198760194005357438e-01,9.753609920505494912e-01,-8.421445655702764280e-03,5.241066938712293233e-01,1.318887569441336838e-01,-3.206363237920163423e-01,7.137288532556329557e-02,-1.997896128070243971e-01,-1.143014362092325403e-01,7.919744529271569022e-02,2.682175098052687057e-01,-1.479157537949433165e-01,-5.321322062884704662e-01,9.756669681169032049e-02,4.302612190900590994e-01,2.389689637717800907e-01,3.063448886447112107e-01,3.276390833326261465e-01,-3.209665559279432923e-02,-3.519374924706504815e-01,-4.763665047102100258e-02,9.693206803431889118e-02,-2.585397322334540560e-01,2.751671898983202441e-02,-6.510198776474295235e-01,5.161228433139706390e-02
3.061189472523846078e+01,-2.371157993918448226e-01,1.206307242645291433e-01,6.662327584552338866e-01,-1.090847573567969020e+00,8.705826743728601880e-01,2.134420092861796459e+00,-1.476829813563133476e+00,-7.122207676975160495e-02,-1.140519043818510658e+00,9.264417338458891260e-01,1.630609764600339018e+00,-2.771200333091593526e-01,-1.565277090014843275e-01,8.087832490962739707e-01,-9.450321246310308676e-02,-2.816164496862826327e-01,-2.175773081458939606e-01,-1.057661929542179635e-01,-2.711310595515675215e-01,-4.692017899182472362e-01,-6.914190953695738273e-02,2.060902013955078493e-01,-2.169889450782083729e-01,-1.403934007332762746e-01,-6.052497016664318830e-01,6.512996887705060911e-02,2.967840930642166586e-01,2.893564239181271036e-01,2.799462559604842804e-01,1.017392639078320594e-02,-1.877436501082127562e-01,-3.458990191631594047e-01,-2.086339044124879138e-01,-4.307964831659260585e-01,-3.399854163301660459e-01,-2.094753570503680717e-01,1.414999050479500142e-01,-2.080209336288879329e-01,1.225441374026214805e-03,1.019862823803953378e-01,2.273288952931882823e-01,5.783505872385030777e-02,6.026855356140370379e-01,-2.307985202119698306e-02,2.722005041115331814e-01,3.862673778591852458e-01,2.800437119422361995e-02,-1.063261350133338362e-01,6.098919505923516837e-02
3.376727013545534106e+01,1.780855857204957093e+00,1.512666146085250851e+00,-1.349324245605763473e+00,-9.316532550561313908e-01,-9.677772660904038204e-01,-7.351025180319652463e-01,5.019175200677373772e-01,-8.069848998334933077e-01,-4.373587526049537710e-01,5.672057398118639238e-02,-5.882352475357677246e-01,8.361272190766758650e-01,-6.102433418763152373e-01,-7.534271801622622888e-01,4.769113854716341416e-01,-8.257741307762991312e-01,-3.380378087394720898e-01,-7.771755973938253570e-01,-1.267765269009871187e-01,7.060185113029664450e-01,4.569703275973683310e-01,-9.143761389154869690e-01,2.146972065619051455e-03,-6.545250341309503117e-01,-3.123084219528825534e-01,3.702449464537058144e-01,-2.912460410647529363e-01,3.339159229341192581e-01,6.644635608719617545e-03,1.538782480018621723e-01,2.063083515300606074e-01,1.818354979162907503e-01,-2.819025527202631554e-01,-1.223534919510431418e-01,-1.622180542518076307e-01,-2.052714184360512062e-01,-1.852205604821534624e-01,-2.571926760676966350e-01,1.892900823844324010e-01,-3.282289539992899741e-01,-6.649573825217400258e-02,-2.687253846403713231e-01,8.959620263007117558e-04,-6.260366963368309279e-02,-2.501624040299786356e-01,-1.354593039047383152e-01,3.775179974883230427e-01,-5.152703103798446371e-02,3.263334957169556350e-01
3.214143944309085299e+01,5.880049533067349676e-01,8.187543901976244154e-01,-1.450766298359677631e+00,-1.966715852548204468e+00,4.117333452228297830e-01,9.726916555622031613e-01,-9.775100057591167291e-01,6.979925868300804748e-01,2.672838496793008001e-01,7.469802345412419609e-01,-2.904599007515235032e-01,-3.174241590872906582e-01,-3.781066951135169107e-01,-5.493873487505731568e-01,-3.108213536520247344e-01,1.662768799175645129e-01,-1.357392550247387975e-01,8.023711930903127953e-01,1.709157112328124895e-01,-1.442382253576706685e-01,-5.777069476554605801e-03,3.054365371319399669e-01,3.085108624884425610e-01,-1.158763342769477678e-01,-7.202748809696993826e-01,4.212978257531955345e-02,-1.469075987665844907e-01,3.387754313080050539e-02,-2.693406997738281294e-01,5.366248128704826925e-01,1.226761852982267281e-01,-1.456214847703098947e-01,8.800927661526072865e-02,-2.759427360584195132e-01,3.306107161460259958e-01,-4.648463215867305875e-02,-7.722468117988271485e-01,-8.343042688369470272e-02,-2.581195044195687752e-02,2.465925752025662637e-02,-4.297034515393268750e-01,-2.343825003483530067e-01,-1.504571422479590581e-01,1.553190753060080809e-01,3.331393205216980902e-01,1.264075051736101574e-01,9.521917740299018496e-01,2.974005301767536080e-01,-3.368257576125216479e-01
2.807872459914302610e+01,-1.373249380135567854e+00,-2.223602831106953615e-01,-1.319512033417730379e+00,1.101352755301833186e+00,6.613672315497096110e-02,-1.275673271881192949e+00,-7.835334179114117337e-01,3.560322075031329137e-01,-6.555157754800403636e-01,-3.296810931784355247e-04,1.449710260801234107e-01,-2.001417764630991913e-01,-3.505923056038836583e-01,5.900667016256468944e-01,2.229816510649242911e-01,-6.735618730227248552e-01,1.732966187855937146e-01,4.787957985097692770e-01,3.253368890729454455e-01,6.833868438042315363e-01,-1.186854685098493595e-01,4.283568190966459133e-01,-2.128970813572864107e-01,-8.643013456274997730e-02,4.901511503035703710e-01,-8.824553599235278323e-02,-4.140782473609613268e-01,-2.110160239405257376e-01,-3.707198686519367348e-01,2.270446312495302821e-01,-6.603925046791608855e-02,-1.272403359621731844e-01,-5.680548684182211705e-01,-2.528342607686028809e-01,4.120555903041905887e-01,-2.806718867565698508e-02,-3.017730892985023283e-01,5.631618595219126666e-01,-3.237737520246150580e-01,6.834332279758675854e-01,-5.587161811082907992e-01,-3.237000879913060625e-01,-1.672996916072982398e-01,2.445450935122464864e-01,-4.318074375149964506e-01,9.498812394683220361e-02,1.129397040380780010e-01,-2.034695356690783830e-01,1.452574315330887877e-01
2.643932488772657052e+01,-4.779370702698567674e-01,-7.834315918642266174e-01,-1.395342397769662401e+00,9.769704535305564486e-01,-2.155760836200515396e-01,1.894659190190227382e-01,-3.360278386171818843e-01,4.931956108855336529e-01,-4.391031639657964059e-01,3.466454344983421199e-01,-2.457402641406838395e-01,-1.011636140998887490e-01,-2.753831796841454405e-01,4.139958837634187816e-01,-1.649425003148652924e-01,1.043766640672808776e+00,9.977727188508866973e-03,1.328144633710447997e-01,3.708954295974719040e-01,-2.732260860614502684e-01,-2.921931600027784931e-02,-3.892489358394723986e-01,-5.759636376836037297e-02,-7.301197858705872346e-01,-6.461082686177779255e-01,-3.229241019529901502e-01,-8.949419895235107003e-02,6.922641895759503727e-01,9.301105104655596478e-02,-5.050647415037928800e-01,1.542025553912900748e-01,-1.909757843693649648e-01,1.216224435339990639e-01,2.598095608722503225e-01,-3.320518483137916976e-01,-9.428696480012002668e-02,1.042870582180468048e-01,-3.917462031227588737e-01,-2.411200818237705101e-01,-2.142603086064520101e-01,5.010009196991787039e-01,-2.393805387807244889e-01,9.890434142553213015e-02,-4.972237421556355286e-02,-4.554791265989204807e-01,2.558042552485511462e-02,4.438088207796136997e-01,4.125186236035417453e-01,1.325450061202160246e-01
3.174603376216038697e+01,3.362630530621186775e+00,4.802748812690564861e-01,8.093148218812677985e-01,8.800072034279887712e-01,2.623575810202840586e-01,-2.106129316741212898e-01,4.128679359027044304e-01,-1.108520532731364916e-01,-2.997365073872965691e-01,-1.554963045223065610e+00,7.495511988999309372e-01,-2.245780170309521484e-01,4.214355911019974643e-01,4.341084520144745662e-01,-4.728333614945678387e-01,-7.457813638226447051e-01,-1.091368401863717974e+00,2.012934078242918923e-01,-7.898091256235970636e-01,-8.053819065696743440e-01,1.588113452905585421e-01,1.081359036533869444e+00,-2.630206733045871159e-01,-4.942388522307936682e-01,3.067484503870250290e-01,8.065564973566126394e-02,4.826992737614714812e-01,9.786205874973366581e-02,1.731223934498739292e-01,-1.009246338776770724e+00,-5.160624451891828585e-02,-2.499962510618740086e-01,-2.610737267219524482e-01,-7.644417261906517880e-02,3.293674590296171156e-01,-1.015957167437057801e-01,-2.136433997584127886e-01,1.497426236504728614e-02,1.355320009244811996e-01,1.674385618146013444e-01,1.622807691328828350e-01,-5.319972399055112877e-01,-2.314514408191494788e-01,-3.901195176332841741e-02,7.554459535352495148e-02,-2.395467849471797361e-01,-4.562117045179183705e-01,-1.342781563427937752e-01,-2.254148895846515011e-01
2.991108938506434356e+01,2.002299033260070527e+00,-4.781481093698597418e-01,1.607209459932590900e-01,2.343857385026411944e+00,7.431456382761372215e-01,-1.087307186153029931e-01,-1.146742525146549063e-01,-2.743704818305944260e-01,-1.604070414240417408e+00,1.747191000640364589e-01,-2.128986283136735712e-04,-2.643407295358136261e-02,1.705522617042095346e-01,-1.651037068872736602e-01,-1.948073947107356596e-01,8.401080999956895834e-01,-3.136008469976890312e-01,8.277240153063194494e-01,4.356788693840078497e-01,-5.627546211360884287e-01,-3.730072989541086126e-01,-1.812294062892284285e-01,2.482216707419908630e-01,2.662772914558235726e-01,-3.709181448000945513e-01,1.041433473650494601e-01,3.707740044792546819e-01,5.515266904732541997e-01,-3.556311632313608473e-01,1.705206634262627363e-01,3.672498211771919041e-01,-4.817583236342750513e-02,2.745887004834055012e-01,-6.983571729680740359e-02,-9.547410013876264645e-02,1.288033092762926324e-01,-1.529213991942649786e-01,-3.541233799920964209e-01,-7.589519941618570742e-02,5.193743714903525932e-01,-4.480978458096483014e-02,1.359673843292659168e-01,3.017985735753822008e-01,4.588551670890688716e-01,-7.169619049545434830e-01,3.438450439632610017e-02,-3.691254399397152219e-02,-5.605537734013823353e-02,3.171980215722258190e-01
2.872173140621278975e+01,-3.243093122130336070e+00,-9.948532351943890628e-01,5.921781022192387084e-02,2.694413522260321159e+00,-4.307784281605663290e-01,5.278111749560470134e-01,1.777207770091854488e+00,-3.307367657481968259e-01,6.860628282903030728e-01,-5.778992804613900525e-01,-8.706840549242014782e-02,-1.420279933578903198e-01,-9.677858749319806497e-02,-4.479701046633758343e-01,-6.493949094098281360e-01,4.048883040516786103e-02,4.082573285744804936e-01,-6.672997953372948599e-02,4.029625186274848891e-01,1.175095278589261827e-01,-4.026734003034359577e-01,-3.263818115580367774e-02,-4.234557875248431968e-02,2.237803592973086064e-01,1.271240748671730592e-01,7.787300301582072981e-02,2.007504137232848096e-01,-5.257582145605169677e-01,3.215819887017088985e-01,-2.615493146218438314e-01,1.303667102608331296e-01,-1.707498223004702553e-01,1.601834827321489130e-01,-5.840838025557332225e-01,2.609328244939381203e-01,3.692957271479557768e-03,4.354121463862529184e-01,4.602921607644341329e-01,-2.092716479725883760e-01,-2.219861921137856464e-01,-3.072350971364522509e-01,-2.515293295690606071e-02,2.438770629444140803e-01,-3.144590837685741491e-02,-8.280055851789813737e-03,-2.892118626673939041e-01,-3.551935365596272653e-01,-2.621599309710406691e-03,-2.381909584719316686e-01
3.012047063250288303e+01,2.649041168747487518e+00,-8.059145778631518486e-02,-2.536178629271742535e-01,1.526646077378689847e+00,5.645220981750828093e-01,-9.097210003832154612e-01,1.373794064415117533e-01,-2.777969735452249234e-01,5.170930658356468479e-01,-2.762109206532276096e-01,4.021857422446076247e-01,6.354048175103316209e-01,-5.999165861581664538e-01,5.275281578052189169e-02,5.231554831406379780e-01,-5.133844089313046588e-01,6.495093365084463333e-01,2.226975630191726785e-01,-4.213456117661099620e-01,4.891511259906978215e-01,3.651501291078215194e-01,1.255564416439850783e-01,-5.020626491381106060e-01,7.553496814458584563e-01,-2.140443234365212444e-01,-2.031285961860423706e-01,-4.023293708989603701e-01,7.381735673955477917e-02,5.786285890902480578e-01,5.044775966501078429e-02,-9.182680638363023562e-02,-1.719520948969252283e-01,4.076478171055623878e-02,-4.127465061830778298e-02,5.173108818550860022e-01,1.000584948057574655e-02,4.003855745260153642e-01,-1.820692874909156100e-01,-6.676269913277294021e-02,-3.892828481254461681e-01,-3.648837920538571256e-01,-1.019088598348510261e-01,2.408723804910988253e-01,1.423841488144127476e-01,5.660607902494418919e-01,-3.664369311249816019e-01,-1.053579103013714546e-01,-4.667986045250580029e-01,-1.160941118394345495e-01
3.076217665872552587e+01,3.853304622382052735e-01,6.158623929250911511e-01,1.335998006165660001e+00,-7.349195880649757040e-01,1.552166779369343053e-01,3.927156120399662997e-01,-1.653810564392592386e-01,9.245908540086219540e-01,-1.679894931493372268e-01,7.232933729403845380e-01,3.126327015496696560e-01,-7.675434487140593287e-01,3.584832265484773350e-02,-5.491909044009722907e-01,1.082500564492094447e-01,-1.865283935357012757e-01,6.028866517546165316e-01,-1.424074704197077768e-01,6.403210371414520541e-01,-1.696942818861090774e-01,6.939368056019072917e-01,1.148981992737083679e-01,9.973844310753412490e-01,-4.215468754069554014e-01,3.142305886329203046e-01,7.276807695425813183e-02,3.520197393118514873e-01,1.599869004641434056e-01,-7.411162969540882606e-02,-2.675897313040874193e-01,1.494955256961766898e-01,-1.600989811527542550e-01,-6.427665455031351671e-01,2.994919135830625967e-01,-8.863463318881098507e-02,2.775217972772566766e-01,-1.223152936274454622e-01,4.673632739264599323e-01,6.843497869995436578e-02,-1.542892990809219267e-02,-2.521648179814282575e-01,-2.119087379649319813e-01,2.832157611037101619e-01,-2.628352628308379679e-01,1.697303219198224578e-01,-2.395894276724391536e-01,-1.946456778238028762e-01,2.485578070951933172e-01,1.053177436697054492e-01
3.076366217554885907e+01,-1.081089568859527894e+00,-4.258461106850573996e-01,2.747882341518008253e+00,-5.561037957714084490e-01,2.887357522885862227e-01,-1.200081791045649160e+00,1.070077897416204030e-02,4.229416219429351642e-01,2.109549911056536331e+00,7.884852119056168229e-01,-2.559613249473132734e-01,2.747803569202709184e+00,4.840724600781820541e-01,6.351494070220077282e-01,-3.811658685441066119e-02,3.202752337775664065e-02,-6.742442841298972311e-01,7.984487998545989340e-01,1.472887650510377178e-01,-6.385309888171443182e-01,-1.791964591374861681e-03,3.009374523871006235e-01,-3.161478265250056152e-01,-4.298073409795138966e-01,-5.919382633379808301e-01,-5.618702014325873545e-02,-3.004755392356527888e-01,-3.932470059955197467e-02,-2.168931049231386243e-01,2.269403228501681302e-01,1.529063624775648389e-01,5.750126807178423949e-01,5.348418159839219976e-01,-1.532728059254011010e-01,-1.923952335592691298e-01,3.550418118233023002e-02,3.418729975761152229e-01,-4.303903659853796637e-01,-3.628621051951300136e-01,7.788484020340341422e-03,-9.453544667720477357e-02,-3.912288286678184401e-01,1.140810215361262071e-02,8.342613980710591320e-03,-1.785008766645067024e-01,2.381034839570189410e-01,7.924202180519919481e-02,-1.044865512580791037e-02,-8.163740119805394657e-02
3.352389773867377443e+01,-1.005889258453895874e+00,-7.314542829459651507e-01,2.071324876531051018e+00,1.314721727184352262e-01,-1.551771105800245909e+00,2.620735054488930071e+00,-9.705097724821684646e-02,-7.546095525516217928e-02,-1.232380384877494323e-01,-7.913571185470409386e-01,-4.788912954663578914e-01,1.024667629232315358e-01,-5.770666977057259395e-01,-8.835190152329598368e-01,9.072716460861300625e-02,-4.590692796246310659e-01,5.705376187435048374e-01,-5.493063247792475678e-01,1.814719537963935536e-01,7.884644061850278884e-01,3.731064530002960178e-02,5.799507825505186009e-02,-5.143411580868317845e-01,-2.650597412280227272e-01,1.685068410481795065e-01,-5.851507614147573033e-01,-3.882299381087223056e-01,-5.746539624470116403e-02,-3.840935714541423573e-01,-8.917179334905903088e-02,-5.170282522248592638e-01,7.215796759747382660e-01,1.364074340712810030e-01,-2.584808008085754394e-01,7.684588859653697368e-02,-2.123440484358983527e-01,-1.648171060907475671e-01,4.267960497443987755e-01,-3.490963999836049769e-01,2.454313453134243095e-01,1.445466413012244100e-01,-1.688237061319458887e-01,-4.757016658811943910e-01,1.504926098066680651e-01,3.500004048977599092e-01,1.930865187061843180e-01,3.179208548085078467e-01,2.400349012048169084e-01,-4.013390570199922847e-01
2.819459085887733707e+01,-1.681504913067950913e+00,-5.171554467448211678e-01,1.728751800685384421e-01,2.314603762636568973e+00,7.650944147334418632e-01,-1.972968656548726163e-01,-6.970791972490424371e-01,-7.252030709746052350e-01,-1.846189945963760404e-01,-4.793976284087950179e-01,-4.045294124695254512e-01,-3.830979116979921217e-01,-4.868002314610279241e-02,-1.346711637005170992e-01,-4.666104762860430744e-01,-3.298486401819444858e-01,1.407728367918543166e-01,1.215941850763968102e+00,-1.989086722425259246e-01,4.477019454462123349e-01,5.531888358177172380e-03,-3.737030175668471510e-01,-2.074416537042874376e-01,-8.107780410969368523e-01,7.845093086324490816e-02,-1.119128609370828309e-01,1.901638312648709361e-01,3.421133244012576347e-01,4.605562269743826986e-01,2.164623976177666997e-01,1.233950770613032183e-01,7.786142712697132762e-01,1.603640418650651989e-01,7.411976353667407147e-02,-7.781634943485941092e-01,-1.738737384736747937e-01,3.891002433951999406e-01,2.055028988817281799e-01,4.227952397634182624e-02,1.563650015984888869e-02,-2.453586678956656136e-02,1.144682682286653624e-01,-1.542886126705985128e-01,6.529840701192743402e-02,3.727893937541376101e-01,-5.121934309257184514e-01,2.051845316052109125e-01,-9.652914980861296290e-02,3.768919009060145431e-02
2.892757131647776347e+01,-1.107742300203704289e-01,3.297590284114931269e-01,-2.684844255472775276e-01,1.581450812910315529e-01,5.854484341225782984e-01,-9.559414732577854457e-01,5.640788508891707576e-01,-8.029404879809198814e-01,-1.075314452944929222e+00,1.583409060590655615e-01,-3.159565284713782840e-01,2.068517432039154724e-01,5.117039927340540917e-01,-3.474004788436142466e-01,-9.723071603056906292e-03,5.309164990731758405e-01,-7.589225124133076872e-02,-2.484972299276558272e-01,-5.963936844323193265e-01,-4.997526773234176600e-01,-9.795131942711921003e-03,1.505031341848890869e-01,-4.990755120992029781e-01,1.737880911807665463e-02,-3.236006971497599194e-01,3.879913288194042909e-01,2.717459628657302173e-01,-7.196246093806728528e-01,-3.133850662264728859e-01,3.308249987231357547e-01,1.462620507654098789e-01,-1.414287687546139372e-01,3.265657009803527577e-01,2.865781793192501148e-01,-7.297743033805688118e-01,1.233606751749391633e-01,-1.523773919414213862e-01,4.378199067239723630e-01,-1.642187862331436626e-02,-4.089676436097509082e-01,-1.038693902131792093e-02,-3.472368341554169513e-01,1.192813124255943935e-01,3.048519976660047925e-01,6.089910916338472369e-01,-6.993217472202903351e-02,1.281131654571003586e-01,-1.858842158070903861e-01,-2.758054774615111282e-01
3.154194615947088920e+01,9.595070353152088671e-01,-3.134232143604879783e-01,1.881155310610967746e+00,7.662578299476111576e-01,-1.975627712165163030e-01,5.790851597164513587e-01,-1.925460096290496637e+00,-1.092373110370038480e+00,5.867500485540860788e-01,-3.149237865128123870e-01,-2.449623031216019431e-01,-2.243039531296847078e-01,2.808710345362795957e-01,1.505269765017479555e+00,4.455089836238272372e-01,1.551357612660770324e-01,-9.812041373506599773e-02,-7.043231267645546634e-01,-1.244617309964491103e-01,6.006359398020259810e-02,7.605374734937100367e-01,-9.091469331266240905e-01,9.046014048901531712e-01,2.224585807601761611e-01,2.552730476731646658e-01,-4.697780348017965291e-01,-2.811560363292682219e-01,-2.927984875512704144e-01,-2.952814451399977669e-01,5.611998473008442678e-01,1.599567291934832491e-01,-3.817024993141585609e-01,-3.716443061670676729e-01,-1.124479665246851390e-01,-1.879896998273735131e-01,-2.132193220263617073e-01,-1.267769263631207399e-01,-3.474123165649706246e-01,-8.042147516458260370e-02,-3.017922043131786025e-01,1.880821142233902662e-02,1.054322607308471882e-01,4.232970231256242277e-01,3.936913610557114529e-01,-3.086631299960283098e-02,1.823280265537885556e-03,2.860634859993874124e-01,4.346540254153398730e-01,-4.978417353061209139e-01
2.904534531300421207e+01,-1.860703783864029903e+00,-1.114213715508552555e-01,-2.123936359770696836e+00,1.007848324663821460e+00,1.639479360358950810e-01,-1.048619783405618511e-01,-6.072512776479177532e-01,1.823711950500205292e-01,-7.735153231667075691e-01,-6.912088089541673641e-01,1.101278690049335651e+00,-3.745607148184906809e-01,1.177946070792534439e+00,7.043655630298343295e-01,4.160926817777597236e-02,-1.095231189586716392e+00,-6.068196103667709007e-01,-2.279007709019045258e-01,4.278271555810563287e-01,1.926252528312262166e-02,-2.043056481764893295e-01,4.410744157393526876e-01,1.007670739468657928e-01,-2.723855873530102167e-01,-6.818423184690522998e-01,2.691186469183141083e-01,-4.168870392588203688e-01,3.724416690109845218e-01,-3.124198977996504589e-01,-3.849519354741989252e-01,3.824607810275620912e-02,2.460700315686377704e-01,1.679087211229308152e-01,-1.351450476821830227e-01,3.346156334735080895e-01,7.912589054973699632e-02,-3.734977550417035719e-01,-2.125052189065688990e-01,2.915821031357015980e-01,-7.722712329659993380e-02,4.971554005294850365e-01,7.635955848322276696e-01,-2.348910709980731037e-01,-3.171943994734864880e-01,-4.279679128327375237e-02,5.214943012120699939e-02,2.766398404751707063e-01,5.757120528857082586e-01,-3.683048433744914307e-01
3.172796774740294268e+01,4.188151936890839866e-01,-6.960447293550149350e-01,-3.993241575124993337e-01,3.907513872297957991e-01,2.746482322787500596e+00,1.095056379976903305e+00,2.285579131386275831e-01,-7.936810078466327578e-01,6.857732670919769458e-01,1.066206494703280772e+00,-1.117112598133708889e+00,6.854106084046009961e-01,1.209297803296835783e+00,6.458844815467816580e-02,-1.168981944647940363e+00,-3.848294708549341303e-01,-3.089897898648187313e-01,-2.695115543991430940e-01,-8.555276791709584550e-02,6.435377364891616825e-01,4.497140058625933579e-01,-8.278623638372554217e-01,-2.220071051411420804e-01,8.320352540777988803e-01,5.059039167720327246e-01,1.049907775877464200e+00,-9.284666789488785210e-02,2.396759090041311602e-02,-2.178283894900645001e-01,-5.761538284669639465e-01,-5.058138985300950630e-01,-1.090389435863317463e-01,-4.619613119271779311e-01,-3.278365190851317921e-03,5.952333172100285896e-01,9.090262682565972141e-02,-5.192100336233324009e-01,8.162015517477391735e-02,4.937640941879309908e-01,-2.418518959728974127e-01,-1.956308601910662082e-01,-5.394601945872026239e-01,-1.654877967282209483e-01,-4.060314141953786371e-01,1.676139395412452049e-01,-8.873208700994691944e-02,-3.423274346435455362e-01,3.496231720041541313e-02,5.312487535011911621e-01
2.913135771844910593e+01,7.722558564031363204e-01,3.621149072039814287e-01,-1.407601259510265490e-01,-3.905999731408919540e-01,8.066927035119268730e-02,-2.165517084040662898e-01,-8.433247109159320853e-01,7.158819053020456513e-01,8.034082414344127787e-02,3.847539396738076656e-01,3.795383743857408954e-01,1.572623368551691603e-01,-9.546176134120168411e-02,2.328648794784511367e-01,5.101478942529877880e-01,2.456497583613412028e-01,1.618058184711099745e-01,2.870290440731210202e-01,-4.292765841067430199e-01,5.012130565647856528e-01,-4.212095369722929084e-01,-8.277676228904935762e-02,5.987698861139896245e-01,-5.195937358922592120e-02,3.276658411950774119e-01,6.384347760473485511e-01,-3.452117143756426865e-01,-4.907538727313204840e-01,3.502410160914072312e-01,2.383016482902244881e-01,-2.157104798773465115e-01,9.479938018588984772e-01,-5.783141505062483478e-02,8.057214539724354418e-01,2.168501412600516987e-01,2.475257565575509910e-01,1.977262264010296866e-01,1.622250493955755268e-01,1.538370120617287562e-01,3.026271446113215080e-01,1.590844983605175511e-01,9.916184213536771361e-03,-1.479873464434481867e-01,1.803963783710361979e-01,-2.894566682420415260e-01,-2.654293292068332644e-01,-2.644433843953604701e-01,2.213899421509690213e-01,-1.980235906144406366e-02
3.104669516132537410e+01,-1.076913136429985263e-01,-1.440987793241922665e-01,-1.669551410457294383e+00,-7.375921549645871877e-01,-5.801924072833166690e-01,1.357969214100893662e+00,8.355716003285280913e-02,-1.912732869482253184e-01,7.466874522410832382e-01,-8.289403106395404341e-01,-1.573861207174167998e+00,5.519990797955618422e-01,-7.905881395579488213e-01,5.944082777922103933e-01,6.831913348361516869e-01,-2.980516778299298064e-01,-1.025659365601197248e-01,-4.688467245026002594e-02,5.365977584904266795e-01,-5.935227031926391117e-01,-2.948379698982130370e-01,-5.036437595407753515e-02,5.043680298584938271e-01,8.438293311695399534e-01,4.445399549819934459e-01,2.506370596146564184e-02,1.586434536144386287e-01,3.074800825530481507e-01,1.801155343886205185e-01,-6.911828043814739475e-01,3.002260431592010947e-01,-4.404422560087271066e-01,1.699185426567971849e-02,3.747437560095368547e-01,-7.402328878918529309e-01,6.089955864255854751e-02,5.116297850970173977e-01,3.380479142721296015e-01,5.163781452092492952e-01,6.223682670663699401e-01,-1.116950366044590914e-01,2.461694568258271931e-01,2.248828564149432663e-01,-5.388718694435414847e-01,-1.840398187188499735e-01,-1.076829609773001240e-01,-1.602616076200059081e-01,4.362101716966131915e-01,2.921119144108170682e-02
3.159795074932535641e+01,9.473058542011904004e-01,1.050189729588761889e-01,9.302005762402962841e-01,-4.772028651504438557e-01,-1.511054264639369427e+00,5.244640071865299680e-01,3.270892354364439703e-01,-1.020021236226831496e+00,-1.133195878339044338e+00,-3.173734528987805503e-01,-4.065784745446091586e-01,-5.397653815514983355e-01,3.135115118785988253e-01,3.029636517561783426e-01,9.917743113302637803e-02,-7.933481781462090598e-01,6.244862213787339966e-01,3.983411861727458869e-01,-9.735843099280016011e-01,4.164131723418161846e-01,4.619262229395951769e-01,3.516899583452509637e-01,-2.474949866484985744e-02,2.351617051379983336e-01,-3.745164180481752592e-01,3.361259288063596085e-01,-5.371310180523078959e-01,4.210549145161146534e-02,1.991111321456796035e-01,5.956887294990139553e-02,3.205589287554948541e-01,-3.125745376641674289e-01,3.370655259143661708e-01,-2.048956170143361732e-01,2.805361591572229640e-01,2.236367570501757718e-01,2.556662634027718761e-01,-2.550445482851352308e-01,-1.535132121018384921e-01,2.335357481947495373e-01,4.115645810800457882e-01,1.350611214214340328e-01,-1.223930988450657315e-01,-1.791740946982409433e-01,-2.194340970081558040e-01,-1.924607356120756618e-01,-3.480231056950824353e-01,-6.499987262639825847e-01,5.887825721804139656e-01
2.640490781534489884e+01,-6.785283523326224309e-01,2.466990619819803554e-01,7.557108955580513765e-01,8.756640434057155753e-01,-4.067166839360935038e-01,-1.026085133242343295e+00,-6.619188725836755438e-01,1.162197292989254338e+00,-4.777851769076508215e-01,3.201392588616751023e-01,4.909633563060844530e-02,-2.532247023399822328e-01,2.818344595077817982e-01,-2.954093573382832183e-01,4.129135927007034357e-01,-4.527673304682723332e-01,3.200605466483624206e-01,-2.248941117306564874e-01,-8.389515026650584684e-03,-1.884880471038138383e-01,-1.840783793954039460e-01,-2.198828591412576583e-01,-2.148829065774076480e-02,-6.511103159858355749e-02,3.007659876385060937e-01,-1.594009562125115742e-01,7.475048584335172164e-01,-2.006648302737362444e-01,1.667550997587060324e-01,3.930417036118993290e-01,1.741422617327868794e-01,-5.965407851511197318e-02,-3.669287416097445353e-01,-2.742121063428927807e-01,-4.500080396930624671e-01,2.175763126775261680e-01,1.025097353008860707e-01,-1.295105132080147103e-01,-7.910512660045435074e-02,-3.891784755894614478e-01,6.837420994526158258e-02,2.770641109959814385e-01,-6.439722365759877054e-02,1.500378436398918380e-01,-7.640515003159208118e-02,2.363001571556692659e-01,1.320258145680537898e-01,1.984501341100607941e-01,-4.383093361334661209e-01
2.935539786564369891e+01,-9.385353270433643980e-02,-2.950302718154064197e-01,1.516707774499925221e-01,4.078195298771145616e-01,-1.803320560697392994e+00,-5.835834446653256347e-01,1.782867683667290537e+00,8.363033017449923445e-01,-3.350159068266270745e-01,1.390984511678514390e-01,1.055507909945460954e+00,3.020347355163483516e-01,9.581085905206679354e-02,-4.299141640341864745e-01,-4.009197325033437842e-01,4.216763874695558245e-01,4.521173782974160504e-01,2.019252928945479073e-02,-2.335678327165828239e-01,-2.843307448090717782e-01,7.659079583156845894e-01,-1.599899169632027773e-01,4.259015384035265694e-01,5.934327442415490150e-01,-2.978636687166368868e-01,-3.590226212619640478e-01,-1.281117413616481016e-01,-2.967954379358829220e-01,-1.663400567483132586e-01,1.025393092867543238e-01,-2.693686292638591273e-01,-2.076003124598245486e-01,-4.067336296877216983e-01,3.435707819415892428e-01,-2.019858143332155520e-01,-3.652683191880424229e-01,7.898789783136850318e-03,-2.542213338323119354e-01,2.246888349466418244e-01,5.940289380874540504e-01,-2.423697177188691432e-01,1.955471126639232032e-02,-1.322768134737345169e-01,-4.187076612959413358e-01,1.357191030830592372e-02,-4.601367254320704592e-01,4.394611261422903259e-01,2.090979534997277067e-01,2.641668577464750811e-02
3.299590984773512048e+01,5.212190629019948229e-01,-1.217829234693822427e+00,3.441594655273060854e-01,-1.309072108181752236e+00,-1.124776702386720562e+00,2.549079160327971660e-01,1.516568925472561613e+00,-1.690487613051914473e-01,-2.718706134778753336e-01,2.007894238304806095e-02,-6.092144511133295026e-01,-1.428751369674109359e-02,2.891542041844172850e-01,5.172495901247974315e-01,-9.205247065276214169e-01,8.209370791360388608e-01,1.462107779227539150e-01,9.233392452172930476e-01,1.984098857776190050e-01,9.146760911805993377e-01,-3.443617440593297330e-01,-5.916017740449917156e-02,2.129341625772052937e-01,-3.969059786697928249e-01,-7.543941566200245141e-01,4.647657074820930184e-02,3.113422245764984053e-01,-3.805865802788005459e-01,2.193833416669915548e-01,2.828718228031033149e-02,-8.899594886401573923e-03,-1.748504428316424164e-01,-8.983223920995521417e-02,1.260302825359470302e-01,2.826656553183101162e-01,-3.932594454847877508e-01,2.647685946629341203e-03,-9.387251179646349808e-02,5.785389364717186123e-01,8.427630208955247393e-02,-3.082879660982751075e-05,3.800209588503186131e-01,-2.057109336478801231e-01,1.757654246394331210e-01,2.338695267991085236e-01,4.518120515798695891e-01,-1.648057817508880862e-01,-2.008290867005175229e-01,-1.732447691358992292e-01
2.923337927187217744e+01,5.544117572809916794e-01,2.530923098416706374e-01,5.943957413784825006e-01,-8.526601202529442147e-02,2.899708258326427757e+00,-9.317869190842873461e-01,2.015588138181012567e+00,1.050545669976004959e+00,-4.792818390755259617e-01,1.651159108166188605e-01,-1.124700946113851963e+00,-1.056740582732147216e+00,-1.065405240270850484e+00,8.937785811464605823e-01,8.568177164933068468e-01,1.189199940164042913e-03,4.505856277083080674e-01,-6.651891625709213107e-01,-4.428524396880789693e-01,6.488388795273556386e-01,-4.498188074303144934e-01,2.910010693728752873e-01,3.307015700527585755e-01,1.391626775249938386e-01,-2.002233994577870546e-01,1.547730204578866009e-01,-4.532994503191172808e-01,-3.937360816345828463e-01,1.344893110994626606e-01,1.934490790843764255e-02,8.772208981681775541e-02,-3.752349929127014178e-02,1.802085426988583039e-01,-6.257657984999865919e-01,-4.189091730668049185e-01,-1.463663506605825948e-01,-2.407194860457215757e-01,-8.951969337307412455e-02,-6.909521609958280131e-02,6.892199530834378085e-02,-2.260156373607966063e-01,6.574211237108852357e-01,-1.412688984677447912e-01,-2.793520458263545336e-01,2.900853143377733478e-01,4.620515312204404590e-01,1.117048844096762139e-01,4.811059986095516661e-01,9.911091851990769253e-02
3.056454587197821482e+01,-2.324608769995046842e+00,-6.444832548100862257e-02,8.081624570422594189e-01,-4.358559602584032300e-01,2.311813336534310093e+00,1.540692884634803139e+00,2.280023619467055340e+00,-6.888771532663598984e-01,2.481179480046447616e-01,4.488594975304793788e-02,7.862266771260441045e-01,-3.783219137476808713e-01,-1.118950627415842725e+00,-1.235450776897322633e+00,3.883162898354836634e-01,-5.702850866439976851e-01,-1.019076213582100349e-01,1.923039130141468711e-01,1.859862090780983190e-01,-1.033314887082277478e+00,2.319988928260731664e-01,3.125289946096282412e-01,1.999363988458123798e-01,-2.896486226318358836e-01,1.098965882588393422e-01,-3.549923030437016069e-01,2.101649707910543674e-01,5.187778957489184301e-02,-2.852623869243804400e-01,6.960921604275782659e-01,5.849507262818932629e-01,-2.761587257500820458e-01,-2.480079130682893429e-01,6.373525825283571367e-01,2.408027171886350237e-01,-3.175867057667668136e-02,-2.712103867835816695e-01,-2.160312340849032675e-01,2.126341091989580878e-02,-6.406824547539083370e-02,9.444187427135158561e-03,5.613157618257448578e-02,-4.567418764619944338e-01,2.463647676654217578e-01,-2.285276160755021768e-01,-1.399249730565190267e-02,1.031415325112972070e-03,-3.031737313929555588e-01,-7.134614958331735035e-02
3.095162313039598345e+01,7.705071227124847544e-02,1.171084242795237040e+00,1.604716713774166248e+00,2.570744277922096949e-02,-3.560591815697691787e-01,-3.005437289410411994e-01,-1.070376193362477135e+00,-5.822764661682787724e-01,-1.619869719022674071e-01,3.950429162792067350e-01,5.864806290653656884e-01,-5.603926374370005181e-01,1.573329966975667293e-02,-7.792845748570056408e-01,4.310223554307996419e-01,1.094293511069232699e-01,-1.224294781997823156e+00,3.327036780128907467e-01,3.980494492533524498e-01,3.760941732836544336e-03,-3.914642924659614276e-01,-1.353349405529379046e-01,-2.297383435256915296e-01,1.060633187638991559e-01,2.894605619141956687e-01,3.913840669457068766e-01,2.207454769708880327e-02,6.748855849188400806e-03,2.994624783396542256e-01,-3.532715038939168717e-01,-4.107601287790310640e-01,-4.213400736394991020e-01,3.145354327606381117e-01,1.818785073962203014e-01,-1.851298012435232399e-01,-8.367332451715510377e-02,3.899227726410590122e-01,2.052234299493397585e-01,1.519287403446967222e-01,-5.433815001143571521e-01,-2.233349950233032288e-01,2.887164737402561632e-01,-1.177233618459996717e-01,-6.030966008584491833e-01,1.213738582897129492e-01,1.939631426692666194e-01,-5.089695971056943519e-02,8.864119033270897452e-01,1.799180863371042938e-01
3.406162480212122290e+01,2.735286437221950084e+00,-3.795065019320782995e-01,-5.240245957065365889e-01,-3.460109332777611124e-01,-1.727239258605849925e-01,4.234852508324826736e-01,8.452130918803521520e-02,-3.171700930523351225e-01,-6.026626315107720677e-02,-1.578824599306530185e+00,3.251365345428314235e-01,2.471562930841578187e-01,1.179588749630736233e+00,-7.824541387553856087e-01,-6.823294899069684005e-01,3.060787172477127949e-01,8.671482590222059361e-01,-6.501913749539939280e-01,9.052029858544152763e-01,-4.587827310887348520e-01,-3.762447090270795713e-01,1.990718313738751299e-01,-1.740760673942365055e-01,1.577971980906508753e-01,-2.173130828103655432e-01,2.106873428673548820e-02,-2.626573208023393891e-01,-4.856666143606664932e-01,-9.436974969318263629e-01,5.660987669433956704e-01,-9.553324532990452311e-02,5.548659175108622277e-01,-5.777424092367405839e-02,-3.275841573578902599e-01,-5.669092976218438329e-01,9.615696382980931656e-01,-8.759524989519119897e-02,5.782597911311204708e-01,-6.983346672255497101e-01,-3.130073190694626084e-01,-9.075725478166844773e-02,-2.302387448248655131e-03,1.907706513595820164e-01,-7.132522526979870325e-02,-2.661512896257610672e-01,5.865240854610540566e-01,7.316187273986403394e-02,1.637725702590723531e-01,1.172745315462986326e-01
3.164049098877615762e+01,8.175134061138749075e-01,2.075479344824261163e-01,-3.031356007781501605e-01,-1.095717614246613625e+00,3.633888335941791725e-01,-4.213625866061143088e-01,-7.917893004178374605e-01,1.986276107142192160e+00,4.000158067688859842e-01,-6.476995398739393561e-01,-1.000215794716110995e+00,2.248391306980828119e-01,-5.148778318805785625e-01,-2.141881354577706009e-01,-6.321935836445942147e-01,-9.908460233522541349e-01,5.007837706068183486e-02,1.064091634883443521e-01,-4.586665659537862705e-02,-3.725278877013889489e-01,1.970702685871985882e-01,7.669394752094480516e-01,2.951267268022765913e-02,5.267960632902417561e-01,-1.037996811761775079e-01,-6.650984463320093187e-01,3.168718196923208108e-01,-1.518909457031936694e-01,3.390696083533934480e-01,-2.659706618831277902e-01,5.281383249018454240e-01,-3.107730643021690553e-01,2.688796422222767268e-01,-3.382657206590095143e-03,3.262360999613013179e-01,-4.909431565482932358e-01,1.270232327858705212e-01,-3.120328855597394591e-01,-4.246520703156683174e-01,-3.393988796111013610e-03,5.943074164771096068e-01,3.854427487187559453e-01,-3.054317098965835253e-01,1.868271089611375224e-01,-3.611338192778013045e-01,3.829890085541384770e-02,-8.071391438348411995e-01,1.233482950696852820e-01,-1.609868861964857192e-02
2.885565044216281194e+01,-1.921622484801649211e+00,-6.458658842197049221e-01,-9.094564857479758846e-01,7.057394723538770176e-01,-8.832743450670796914e-01,-4.257688602052923654e-01,3.589246233177164624e-01,6.685691291484001653e-01,4.917720975928596694e-01,-4.817663521043951680e-01,4.967197706684187836e-02,4.904634851503240078e-01,-9.363228319611408557e-01,6.186899784170729610e-01,8.283173475018837939e-01,5.102613843035641583e-01,-8.826816751277434536e-02,-8.377174370087594468e-01,-4.290162768359568335e-01,-9.890623387235678021e-02,2.176236865886710670e-01,-2.019207484910466588e-01,2.122414521092235162e-01,-2.540836702326954577e-01,3.603418558844111996e-01,7.223476050049038033e-01,4.190170764619338684e-01,4.030681668321194344e-01,-1.911249430246417802e-01,-2.060042167713392325e-01,-1.663861765206994803e-01,-7.497743253271854647e-02,-7.600291081311456864e-02,1.347439735218099177e-01,2.617059308782537785e-01,2.327348870545072335e-01,-6.198265147327770563e-01,2.148205588201472782e-01,-8.609158848269139741e-02,-1.981623658542353839e-01,5.508216151268424676e-01,-3.798464265975239895e-01,1.857248577823970292e-01,1.645155233675696105e-01,1.227027748735735335e-01,7.175970171521577345e-01,8.225155241903839287e-02,6.878872026062540779e-02,-1.194858190670258259e-02
2.728379124097931552e+01,1.029761721797311180e+00,-8.717968271139138192e-01,-1.595793320301301943e+00,-9.990119558560131008e-01,-6.875909234303485551e-01,3.090156149851960299e-01,8.802431393461829234e-01,5.031316655307559171e-03,6.790506855859889113e-01,7.629353953325670457e-01,-6.464855998750604904e-01,-1.084369087186814129e+00,6.494843546034966275e-01,-3.555901774500459522e-01,8.987748910267324698e-01,-4.704886795708677627e-01,-7.507386856986369983e-01,9.308206463615281701e-01,-2.941501775941733898e-01,-7.408115557713715882e-01,3.860280448695564692e-02,-9.131550299630269985e-01,-6.190568244215522986e-01,1.035385165184294909e-01,-9.108958685363027080e-03,-3.838697098876921870e-02,5.875064421532981696e-01,-2.556837750961218902e-01,3.047871224779973853e-01,5.233338678271926003e-02,2.200064689357604242e-01,5.398546868342005700e-01,-1.809570447535899240e-01,-6.991207125839508929e-02,1.644816768116638683e-01,3.425605601138178441e-02,4.373625166761140326e-01,-4.785021275157279319e-02,-1.775913148750150605e-01,-1.679547924907729972e-01,-3.917986278455522497e-01,-4.560163488670843090e-02,2.195213193138926544e-01,4.751054792283132544e-01,3.321749498969368553e-01,-7.083921286701441722e-02,-1.361116153877912072e-01,-1.595879653462265735e-01,-4.761914111135582273e-01
2.988812869488155144e+01,-2.635309491887772637e+00,2.592182123396162829e-01,2.534007014702143179e-01,-1.429895337343122241e+00,1.154530066288715462e+00,-7.816506873386034338e-01,-1.124928971088514640e+00,6.116735712244849577e-01,2.699311839526560286e-01,-1.468913032043396960e+00,8.859810859036562625e-02,3.530253548749968662e-01,7.119649492400672575e-01,-4.732958042707558488e-01,1.378997063705876824e+00,1.306022593315492974e+00,6.488594010872150708e-01,4.123648180810747799e-01,-2.530391672810129444e-01,-2.801603977942035972e-01,-3.847108583573987106e-01,-4.617334278806534686e-01,-8.696949382446398369e-01,-3.614102307830299177e-01,-1.805988717145829425e-01,1.018879662666065944e-01,-1.748725045645056764e-01,-5.644222792451520920e-01,3.666642228157567795e-01,-6.746023051123727354e-01,-2.458796167986052050e-01,-3.622502986932686908e-01,-5.304291986250423419e-01,-2.085557716411639839e-01,4.155532714341460543e-01,4.194561376036459732e-01,1.716635793628144835e-01,-1.954836014418592782e-01,-1.158662134683046546e-01,2.402940962855176221e-01,8.111035747375805460e-02,-3.395285489827331582e-01,-3.749971121012215525e-01,1.702888984157508445e-01,1.071165376007120543e-02,-7.593882342674132535e-02,-1.129160861920011499e-01,-1.429325056999198318e-01,2.822245323529065653e-01
3.074064659033738778e+01,1.182540087258856731e+00,6.291208027528292224e-01,-1.112074056494855911e+00,-7.266109702005641314e-04,-7.154943080519632348e-01,-1.410689891281171615e-01,-1.543909763470692753e-01,-9.574541725361150890e-01,-5.047547827825527023e-01,5.148726422339728881e-01,-5.723000578221784096e-01,2.006645147684840147e-01,-7.681644461458840834e-01,-1.049561529360450579e-01,7.265564567318112399e-01,-1.078506913572291337e-01,-3.442585687761205437e-01,2.452716772363630060e-01,3.755086063424219467e-01,-5.267859073285496851e-01,-3.262636288836692211e-01,-3.175857282539993331e-01,3.018149182395038488e-01,1.372279564312433586e-01,4.425337684690465179e-01,-4.002734552357233300e-01,4.938942560493176925e-01,1.125683480980776141e-01,-3.221376637552181843e-01,8.036334564818380377e-01,-4.086940163831854211e-01,-1.381287487727559937e-01,5.457287998642463833e-01,1.101461979289567183e-01,2.034359393448182673e-01,1.336211616256060067e-02,4.848958238058108106e-01,-1.938391768116450864e-01,-2.251264662741557510e-01,2.101503981480689620e-01,1.828819416564087530e-01,-1.519491603273201985e-01,1.261533493204096967e-01,-1.346221650820849103e-01,-1.321016069297965279e-01,-2.448703715170565121e-01,-1.692637363818706442e-01,-1.959711882708820574e-01,-2.181668355789101454e-01
2.795861793166401554e+01,-2.042647491653455383e+00,4.438708037035379306e-01,-1.074628357269589829e+00,1.740265978886129106e-01,-4.882070378101734387e-01,-5.580125309587210536e-01,-3.001648636039125351e-01,2.198723934565030014e-01,-3.421852864110704051e-02,1.578026189233048271e-01,-7.540101776711976012e-01,-4.709410786439758856e-01,4.451187674106846792e-01,4.524174721714345759e-01,-5.272079463115015852e-01,9.626748324745819374e-02,4.503093484335406460e-01,-1.465990834241799323e-01,1.889148147988964632e-01,-1.830872183856286500e-02,4.734917745390364030e-01,1.481455321882985121e+00,2.271608407269446739e-01,3.068529691953701399e-01,3.029633919360595895e-01,2.489096573451575478e-01,-2.542418317325753629e-01,-3.005621902868326201e-01,-2.970861178095004496e-01,4.620731224796793546e-01,-3.922538768078351334e-01,4.924942336024488720e-01,-1.108431446510714791e-01,6.912972611580854299e-01,1.619455089255779634e-01,-3.646917196238252945e-02,9.322743719667088425e-02,-4.420359964901600103e-01,-1.650296401231405308e-01,3.425095690284353234e-01,-8.218891043120377105e-02,-4.340223455685301990e-01,3.829566574323445272e-01,-4.756003140300754661e-01,3.753534855805497616e-01,-8.882761025582419645e-02,1.621052631577546421e-01,-3.776874755997629007e-01,3.424806108974750574e-01
2.861686018501621831e+01,-1.658899856899282765e+00,3.506773679821363343e-01,3.940887807695910017e-02,-1.456347754077446544e+00,6.887598403723262097e-02,-1.972250279976905940e+00,6.452716451101182527e-01,-1.983188754321188130e+00,7.124623406840984163e-01,1.425510955195110063e-01,1.513352537818081212e+00,-5.138415553600989005e-01,-2.467861850802599566e-01,-5.141375443013976865e-01,-2.321163519550100973e-01,1.387383938570933284e-01,-5.447802107596297905e-01,-3.594952645081537779e-01,6.832011724895191707e-01,5.403492532717533159e-01,-5.107328254716339000e-01,2.278969218623658755e-01,2.519889290805696347e-01,6.197206025320640688e-01,-4.808769645037646034e-01,-6.903408449725255691e-01,-1.541739761307299172e-01,3.333559979856153821e-01,-1.512295586246905077e-01,-1.752091536465060773e-01,4.141676097821475055e-01,-9.093932060407420304e-01,1.776677085756228347e-01,6.942793292742681366e-02,3.348501908819564443e-01,-9.181479549518659078e-02,-1.323550223188239561e-01,3.121711542406694351e-01,-3.362647768567639806e-01,-1.179642627167057645e-01,3.759768460486243580e-01,1.704912631205359463e-01,3.516357338458088178e-01,2.953305331472698692e-01,3.923732341487924380e-01,2.723235483209126007e-01,-1.222525983574516140e-01,-3.113036096699709487e-01,2.692724297221703589e-01
2.939514454568542945e+01,2.721016708184255117e-01,-1.832999198493544535e-01,-4.360013952096092327e-01,-7.038807753835608638e-01,-1.244225660808396805e+00,5.966860936035865703e-02,-8.760075176667983521e-02,-7.588326142483969861e-01,2.427276211764216818e+00,2.588653102340544021e-01,1.060290634534116316e+00,-1.563915615219587885e+00,-4.150441884122120229e-01,1.180506698290019862e+00,-7.247044228532301124e-01,5.379614436216408890e-01,-1.854464387535632516e-02,2.045603737345988993e-01,-9.551631925129889789e-01,-3.976050618568272195e-03,2.198298311835461261e-01,3.097206453339844748e-02,-5.354822462278446826e-01,-3.338566309188146786e-01,3.503553803848478698e-01,4.034327357066637421e-02,-2.433722029416924282e-01,8.961131616436543434e-02,-1.388177906573568043e-01,-3.157844465480429408e-01,-2.409476428372620549e-01,1.386127700000070184e-01,-3.017614503331703668e-01,-2.802447444998796278e-01,1.920802712226744036e-01,1.926709661762890102e-01,-2.516672184661909450e-01,-1.330539739336823735e-01,1.363217496213486868e-01,-7.898038388705877488e-02,-5.010124876153809574e-03,4.484830559143596629e-01,-2.372439009145762834e-01,1.878240644827999239e-01,-1.507042435675221559e-01,-1.758298808236532229e-01,1.123868517655438187e-01,-1.214334915830655309e-01,2.875314437515808508e-01
3.308269862768406000e+01,-4.095365840561392967e-01,1.379077453779173346e-01,6.239534563387612032e-01,-4.744711005047642094e-01,-1.436162523401547375e+00,-1.950001715487306997e-01,9.099166643827223400e-01,1.791424993383574193e+00,-9.112644032117431792e-01,5.200646429944839610e-01,7.217721477280635289e-01,-3.930657774132765292e-01,5.230794955134820956e-02,-2.696195572668916851e-01,-9.142225430884582948e-01,1.888695166746066911e-01,-7.482403614036048367e-01,-1.202138869431498280e+00,-2.350136011603889963e-02,-1.402298171041472252e-01,-8.548493671875773137e-01,-7.937269722171225173e-01,-5.108281985318028351e-01,2.438045965705629148e-01,4.340268394571986654e-01,-2.732856725613803592e-02,-3.098616964650612871e-01,1.032272614101229724e+00,8.277679083263509430e-01,2.667517823805943267e-01,-8.866904151511975640e-02,8.743432061218949780e-01,5.064785882331570566e-01,2.718980161588209141e-02,-1.493620870906857967e-01,3.412425933806636502e-01,1.691221351771616740e-02,-1.075151048327195602e-01,-4.844534316190841905e-02,-4.367025863052783063e-01,-3.251620461382692118e-01,-2.552142368116658844e-01,9.027012757654033492e-02,7.026288323192469987e-02,-2.727063565030036218e-01,2.656152167910371537e-02,2.738197693139077793e-01,-2.778090103320378090e-01,2.341137776533983583e-01
3.134901972502864709e+01,1.375229643330441398e+00,1.580727911098201988e+00,-6.684167967732381754e-01,7.242547352220841672e-01,1.314357290742511897e-01,1.247116269046688875e-01,-2.276715128237120633e-01,-3.284969564586966984e-01,3.912340982061825179e-02,8.507500155142906362e-01,5.816785790546192825e-01,1.262255799643812182e+00,5.122026651121436291e-02,1.536625149133399870e-01,-5.800184952835032437e-01,9.449055817935884116e-01,8.179736426722616915e-01,-9.381554991549863332e-02,-8.633755764785466802e-02,-6.976367914334057063e-02,4.385533006312689608e-01,2.944283515314216615e-01,1.167349603546334880e-01,-4.703934891457096645e-01,8.223421062916822510e-01,-3.646019235555966187e-01,-3.607271073258043192e-01,-4.661520899303928656e-01,4.483463814947670767e-01,-1.446675097309001734e-01,1.838332790358797042e-01,2.441724964715688007e-01,2.106336698352180847e-01,-2.611474615543676880e-01,7.699346009133847812e-02,2.194803777027771186e-01,2.573339770476932298e-01,-2.404186742982632463e-01,9.481230376718946529e-02,-2.230054839730271909e-01,6.655250726023094476e-02,8.236667462701516840e-01,2.425741961340312919e-02,-9.164234727322417839e-04,-1.074028047874495406e-01,2.537198655954148174e-01,-2.497406781504089568e-01,2.408060375183759538e-01,-3.538278125927712958e-01
