1.181383393146319122e+03,-6.147566354879997874e+01,-5.289547175843144800e+01,-3.616425640601163227e+00,-3.904693375328609051e+01,4.250577506570777331e+01,4.975552008088241251e+01,2.287672997138484021e+01,-7.018299510827518128e-01,5.510785650330920049e+00,3.681877493129324819e+01,1.052481149154752416e+01,-2.962443387992919508e+00,-1.316261150841555816e+00,1.950742249205863743e+01,1.107070962966771610e+01,-2.218478973244901198e+01,1.701875624374549290e+01,-3.155237772233360882e+00,-1.392826264920667789e+01,-5.430124212683717033e+00,1.952283805790320770e+01,1.599426263093089329e+00,4.842483008113742105e-01,-1.730635848338392346e+00,1.256414989689493744e+01,-3.940911598465070220e+00,-2.376301874926202373e+00,1.229176375084076867e+01,-1.019274777996518466e+01,9.741583847245175676e+00,7.076978460774617119e+00,-1.265273413489472087e+00,-2.638782094703638670e+00,1.466658260846368478e+01,-5.830684908208676021e+00,1.713573898789442040e+01,-1.251362017198224308e+01,-4.714559200680222162e+00,-4.976125926398151655e+00,-3.231117296034527353e+00,7.544312064633681203e+00,3.903120300792269681e+00,1.485910794334263318e+00,-9.223466496658659253e+00,-1.592315673792765951e+00,-3.082587679956930060e+00,-4.849180054432691733e+00,-4.234803303573501765e+00,-3.496109702747355108e+00
1.176359699789046317e+03,-1.834325919866106176e+02,7.662100709726220771e+01,5.412784084465481094e+00,4.987411060048818712e+01,2.754629589907652054e+00,2.533901556035502978e+01,1.449211303605125956e+01,-4.192150468050096634e+01,3.817882011527822250e+00,6.087572959818730034e+00,-1.110837285397416352e+01,5.633548076685274353e+00,-5.940016825741484752e+01,-2.302699446124219840e+00,-1.279301909820071259e+01,-3.040849503344365345e+01,1.335702353501651984e+01,-2.376116260496354826e+01,2.484125193158867262e+01,-1.449868102428428962e+01,1.672413880110484641e+01,-2.081971828509126254e+01,-1.133678957831260714e+00,3.720217156079401455e-02,4.989207204336767454e+00,-1.229477792959106708e+01,1.774626952561240811e+00,-3.087135882188852598e+00,-1.940567245293111043e+01,-2.636625219328542435e+00,-6.570606505303830502e+00,1.627433546441421086e+01,8.394563935370008778e+00,-8.718590955368366480e+00,3.726681475689884504e+00,-8.643064276932403089e+00,-4.478747602757306545e+00,-1.414453993283865429e+01,-1.771139971165838745e+01,-8.797388848533213235e+00,1.170590129176254734e+01,-8.657186053623044941e+00,1.132337868377336676e+01,-2.030546956533786640e-01,-4.679254609249357877e+00,1.096387474339549684e+01,4.398810628600169359e+00,3.192244148750815746e+00,6.607746238775428216e-01
1.430778606302041453e+03,8.115171007743522580e+01,1.718877783778856028e+01,1.506852736025741102e+01,1.851890529097573079e+01,-1.115330445865665965e+01,-6.491992000897360526e+01,3.583925855193962118e+00,9.050242732917791244e+00,4.821834257638430898e+01,-8.684257106990669328e+00,5.939369058726189365e+01,1.965000765225990520e+01,-6.996759098234045737e+00,-1.356595176953731752e+01,-5.700884679412075329e+00,9.075568330630620295e+00,-1.635468840439228799e+01,-4.506456358405812601e+00,8.326202249605209715e+00,4.459299641712560991e+00,9.333191558857407699e+00,2.056854546293088504e+01,-6.908305780902047388e+00,7.716498628729726583e+00,-1.127040735278214134e+00,-4.979321984300554504e+00,5.591516990530553066e+00,-1.008017285073992930e+01,-2.999970459634627051e+00,5.821131373303001233e+00,1.527425483138543427e+01,1.754186893697761152e+00,-3.681811883798391527e+00,1.442143984898728970e+00,1.390943251223897015e+01,1.471689173381206306e+00,8.569296189740956970e-01,-7.573830439272857817e-02,-5.021133851662446190e+00,1.213539729744721996e+01,5.636309661728420295e+00,2.959233883345530280e+00,4.794120709697546445e+00,1.275542022163875622e+01,-6.900297701728453248e+00,8.868942233233703121e-01,-8.197368747352623553e-01,-9.168603548008601223e+00,-2.302702977384202043e+00
1.260382882191590852e+03,-1.958123956960250567e+01,-1.054466777504901742e+01,9.591743444607384816e+00,8.164852677735100883e+01,1.040897991524766155e+02,-4.024593527618521449e+01,-3.226359862966143766e+01,-4.981273609175786987e+01,1.739764275674821548e+01,1.964191847127555235e+01,1.182930659031903886e+01,1.230024367070779689e+01,1.263065101190120920e+01,-2.069727447427980138e+01,9.119899290610415932e+00,-1.028024974046694950e+01,-2.721412363776502019e+01,1.994320776023394615e+01,4.790511952341242718e+00,-3.515992826766622947e+00,3.502564258600607161e+01,-1.624001708939011834e+01,-2.616961609457192361e-01,-4.482862062300069894e+00,-1.217329808075015407e+01,2.092173693760416953e+00,1.101980294222842360e+01,-4.387987652743055023e+00,-1.262866950753019690e+00,3.922759527475464303e+00,-3.377245482832412105e+00,-2.599631690982472421e+01,-4.788219834282259946e+00,-4.538044429710945238e+00,9.705123352081912458e-02,-1.881716942515212665e+01,-1.091678838858831568e+01,1.185246142997499197e+00,3.192750371573433110e+00,-7.286092405905750802e+00,2.256479289726759596e+00,-1.829058094152899994e+00,-2.166427433421903304e-01,-1.044123988315702967e+01,6.700535052703500583e+00,-2.486315340593006518e+00,5.676149163886336169e+00,1.084832781318512396e+01,2.825582756674090423e-01
1.355262609686122687e+03,2.357882100193334338e+02,2.419540297415090180e+01,1.171834768235036535e+02,-6.951807931711330468e+01,-5.331027226160523469e+01,4.740083357531615604e+01,1.108438273167406507e+01,3.055407033178322607e+01,2.778196385676601921e+01,-3.890623989002845207e+01,1.498833717638594010e+01,-2.616385740290854134e+00,-1.233769639462137491e+01,-1.671407421190737708e+01,3.468427618702443738e+01,-4.064658581915868041e+01,4.224900513637292465e-01,5.897807699112888713e+00,-4.044715043263848564e+00,-4.002683698359931697e+01,2.676557060024023116e+01,-2.850235835044954702e-01,-4.856973742359161683e+00,2.828172304430493167e+00,-9.486286823819877867e+00,8.447376229036272832e+00,-3.178920555268363035e+00,-7.329081368537242902e+00,-8.443208506278377712e+00,-1.510750364997372230e+01,-1.781506882043356299e+01,1.527210520872125343e+01,-6.530724896273798485e+00,-8.369797337251773328e+00,-6.381359877184087814e+00,-4.112475055291543669e+00,-2.792949060146852958e+00,6.485969920524243371e+00,3.167229703187534717e+00,5.693465666829078842e+00,-2.618898221855487041e+00,-7.479657661016295478e+00,-6.136575657834603348e+00,5.489023073860491708e-01,3.998684015810284986e+00,-3.563803181067019210e+00,-2.512111341230667705e+00,6.314013280394934924e+00,9.472900115227989915e+00
1.528946593792577460e+03,1.350615461157072730e+02,1.721078011458902779e+02,8.975345739079040186e+01,4.553875678537965399e+01,8.376499868582048691e+01,7.310240890885562060e+00,-4.113823041077682063e+01,1.716143678679837947e+01,3.908953740849586467e+01,3.004263224722830117e+01,-1.447936604190996057e+01,-1.558807393698097288e+00,2.095225026931345980e+01,-1.176380192911471312e+01,8.935276852822216398e+00,1.334047512712375649e+01,1.374154209082606926e+01,-1.501260440502333537e+01,-2.720841028602931644e+01,-1.310330340149062067e+01,-2.532184887767367698e+01,6.734932048692302331e+00,1.584332884303819711e+01,3.494315559047246555e+00,2.593473170871373412e+01,1.748900328569553864e+01,-8.010886976636225398e+00,1.789302938125269549e+01,1.734247872684664671e+01,-1.042148354420178435e+01,-5.182567713215826544e+00,-5.209468879692005672e+00,1.508856752972964177e+00,4.207928315589588131e+00,6.425992504997199539e+00,2.410725150666787275e+00,-2.904420455963219010e-03,1.944983732937004106e+01,-7.660890673796389549e+00,-5.786073839113846651e-01,3.438981367358481034e+00,-9.023762015713870710e+00,4.027441599861251831e+00,7.115181490947430909e-01,3.868305261275440721e+00,4.313274800655033658e+00,7.393428668889495903e+00,4.601094193473865834e-01,1.985252184461365088e+00
1.251689473401199166e+03,-1.783557823958592508e+02,7.215579130843340749e+01,2.330168076606117467e+01,-6.346546317292126105e+01,-5.799309914087320827e-02,-1.813177636549693261e+01,4.611736510153216528e+01,-2.634275438067132047e+00,-2.493701904605526565e+01,3.516351537508987946e+01,-1.125931925866782812e+01,-4.638781192271713705e-01,3.420038447663921399e+00,-2.219981981567667972e+01,2.204535037053035040e+01,5.494954421746219175e+00,4.303560203647442961e+00,2.121611403941741969e+01,-1.725323839734277342e+01,-1.070327082526026707e+01,3.415559250080137588e+01,1.674187362605178464e+01,1.533512293534970716e+01,-2.854912807316932088e+01,1.522604143974402291e+01,-1.301562957875006532e+01,2.350198084761651263e+00,-6.128921654492682780e-01,-1.853192535906138527e+00,5.736151519698145407e+00,2.360700804771515671e+00,-1.406600870553103277e+01,1.211050387535216899e+01,-5.057034447278624611e+00,-7.812390067419765494e+00,2.039320108357746797e+00,9.790279264736101439e+00,5.612895298675575351e-01,3.882166381316910497e-01,-9.017854900541887986e+00,-9.754778992690798844e+00,-7.563304589188970528e-01,-1.428025242876187839e+01,4.382212762691398700e-01,-3.461346116886625079e+00,9.298472556071200046e+00,-6.662683901998126323e+00,-9.559420339474117512e+00,6.999634280188828939e+00
1.220115498148843017e+03,6.437136160142259200e+00,5.540000318872731810e+01,-5.639484967423895512e+01,-4.682853178016630125e+01,2.950705575704984085e+01,-8.651698534173092980e+01,-1.003940182145364801e+01,-9.080050823779625802e+00,1.270562334070217458e+00,2.708653025402387726e+01,1.701317507962324171e+01,9.874535068100598778e+00,2.388740507243891287e+01,2.130031329213415603e+01,-2.771641683986503679e+01,4.406418574054522530e+00,-2.986338473251293202e+00,5.714184217618782924e-01,-1.368757735729878888e+01,-1.074159740077930891e+01,-2.593710370907153506e-01,-1.752361525722815827e+01,-4.276242169606971899e+00,2.204215693139281740e+01,7.440127088965607705e+00,6.985296214250619862e+00,-9.259675154752999404e+00,-1.279696068880945603e+01,-5.397136386689334486e+00,6.221006396445384112e+00,-3.503258970786637949e+00,1.931021313233070913e+01,2.388224402427795656e+00,3.324892253397964570e+00,-9.141640413008806920e-01,-8.377511760892371484e+00,-7.703117127190308722e+00,-5.511620596889288848e+00,4.035499095232834676e+00,-1.100949675947816608e+01,-1.400150833147734808e+01,5.723232870128491800e-01,-8.213130004302074738e+00,-1.644531398583102044e+00,4.164710245932075061e+00,-2.100555372040932767e+01,-7.963169024942483354e+00,2.267812388743768448e+00,5.302034238262868016e+00
1.411874624923189458e+03,2.887539543176003463e+02,-4.289137003501956968e+01,-2.320627812900149323e+01,1.647041420169402315e+01,-3.221445396696285002e+01,4.936832192359458027e+00,5.846503485256171473e+01,-2.445951036557625713e+01,-3.524104362379085131e+01,3.751893366782309780e+00,-3.978126526343958602e+01,2.064499261037328637e+01,5.615761790109149842e+01,8.805630175779564084e+00,-1.603001193541950187e+01,1.246432308801233191e+01,-1.177403897755918472e+01,-1.441727127002810072e+01,1.415308472135965623e+01,-9.662669824091384640e+00,2.128096884160577673e+01,-2.638673534214390770e-01,-1.851688644768028524e+01,1.115757586532210688e+01,-8.651774702723132648e+00,-1.940903519753661044e+01,6.165556613017004750e+00,-7.162587757823869694e+00,1.563264913449819815e+01,5.808295645811608843e+00,-1.283184824832032156e+01,-2.840409912132308534e+00,-3.888377210092691105e-01,2.352618426614614933e+01,-2.651783352049383868e+00,-1.273838861617682339e+00,5.258956282047408948e+00,1.224736025303650777e+01,-1.697326234126225231e+01,6.960557572736990828e+00,2.977239401076496428e+00,-8.262318365491292838e+00,4.960249237960034918e+00,1.147787581359804321e+01,-1.070134686691188941e+00,5.669248091077615292e+00,5.063167424176472586e+00,-2.856836442698261536e+00,-1.047106350348224080e+00
1.338969815960688948e+03,1.180289565462976924e+02,-5.258712921726784373e+01,-2.433863454246553459e+01,1.552679225396739149e+01,-2.309720297422001778e+01,-9.920752229147599621e+01,2.915571282282070342e+01,-2.755820008838121637e+01,-1.450571939718717118e+00,4.835238635307350563e+01,3.584359276619739632e+01,-8.064366743272973759e-01,3.683757900976371502e+01,-8.801251213126901618e+00,-1.587101898805465439e+01,1.821475808236456473e+01,2.257970978424800279e+01,-5.692972046536816322e+00,2.002063160747368453e+00,-1.071138538364178050e+00,-4.751589717708357696e-01,-1.135190915307042658e+01,-3.925339999134145330e+00,-9.975431355377798681e+00,3.945482433733943139e+00,-1.496826868526802468e+00,-1.027221567172686889e+01,-6.151778648404432559e+00,6.052339216715560077e+00,-3.758536826158639599e+00,1.201780975260995366e+00,3.163058204781888705e+00,1.471175259896740695e+00,-1.652593679064233001e+01,4.633974054983362123e+00,-4.462594254654366210e+00,1.518807875900168014e+01,-2.167144320779378575e+00,-7.039944837632553742e+00,7.117576519331554330e+00,-9.664890504955426564e+00,3.802970371757285140e+00,1.965122788059752379e+00,-1.464756422747651055e+00,-3.929134362045894058e+00,2.047704461870021309e+00,-4.505139066784676238e+00,7.295532236942039006e+00,2.665268139521091317e+00
1.205423320325373425e+03,-3.163941807763919201e+02,-4.742185725038314814e+01,-4.431229276952981166e+01,-5.480144890774219135e+01,-2.447665153848793551e+01,-2.790209739201229766e+01,-3.870490162475020668e+01,2.011003988384051411e+01,-1.209943346820115906e+01,-8.104017395833317039e+00,-7.808127217917212093e+00,7.601985965836155046e+00,2.469165414068294950e+01,3.319337187925155064e+01,2.233566831988496304e+01,-6.912528329761153500e+00,-4.787502408056449887e+00,-3.513361763479595368e+01,1.111392734919430580e+01,-3.137716453708568221e+00,-8.634809965949191701e-01,9.886620313108995362e+00,-1.401852250657619336e+01,1.120820536593833694e+01,-5.763633871250101848e+00,-1.512519926721185470e+01,-5.100743633939264221e+00,2.700231036925077266e+00,-1.405422405861139978e+01,2.462606253552693525e-01,2.016135775986554890e+01,-1.109277961081106056e+01,-6.400848096553292343e+00,-2.230323636227907969e+01,5.437260667802158665e+00,1.762886514149929029e+00,1.620523218369929852e+00,2.335783596062776013e+01,-2.322633124355487411e+00,7.600179268014706224e-04,-3.585458011945251933e+00,-9.082490294451543711e-02,9.624586174401791538e+00,-4.888161636978866298e+00,1.460576217689883194e+01,1.117202991524064259e+01,-4.530582992438294987e+00,5.307959771157824136e+00,4.835932375587505661e+00
1.568210531080646888e+03,2.338619386347525051e+02,-4.026338429734342839e+01,-2.082077394207248133e+01,-2.357549735921742950e+01,-4.924805113780526966e+01,3.598576438375182818e+01,6.923916991199341453e+01,-2.572042976792909741e+01,-4.094503884376707958e+01,-1.288120126167604518e+01,-3.866565061498961509e+00,-1.144591457315490324e+01,1.363646812274975773e+01,-4.941718047203824682e+00,1.972427169556678095e+01,-8.711664694042372759e+00,-1.615994195013255208e+01,-1.948250358883431899e+00,1.197774265531410620e+01,-1.182032632776218861e+01,-1.038677284885509344e+01,2.077158181011659366e+01,8.237848335413513468e+00,-8.561784139818783501e+00,6.469102534861283615e+00,1.052059446045349844e+01,1.385676058581620396e+01,4.089830137519306907e-01,-4.249527435113223284e+00,2.156547590453508434e+01,4.438489387097961369e+00,5.782695316676338404e-01,-6.052039856868175249e+00,-1.089576040340294583e+01,2.086934642757411851e+01,1.378538658937187078e+00,-1.134345455983626927e+01,-9.267850601158846402e+00,-6.412491052733308550e+00,-4.309258334421620873e+00,2.351056724868579306e-01,1.056648112195221145e+01,-6.148624026245505192e+00,2.428141058279708331e-01,1.510185100013504567e+01,-7.568538082808933254e+00,-2.420639786160108109e+00,1.313573119437932757e+00,-5.131119388960305727e+00
1.489401892922495563e+03,6.413281328352645971e+01,-6.757275687207159365e+01,4.084707000642872288e+01,1.489708486968758336e+02,3.822742362160309426e+01,-4.770580033242891815e+00,-1.514947348251953407e+01,3.201790601226151978e+01,2.211075460488284961e+01,2.873428414485146121e+01,-4.042439770026578572e+01,1.953824635333166526e+01,-7.008633897528663503e+00,-2.935903686191036144e+01,-2.873723258814217729e+01,-2.344747129169707733e+01,-1.304866137084377797e+01,1.828471931737430367e+01,-1.267536340705312448e+01,2.380521371525319552e+01,-5.294323277401661310e-01,2.777787597508218553e+01,-2.613986842157433443e+01,8.783225399468994610e+00,-1.380623284361992020e+01,7.385916864897107414e-01,5.387393647344244307e+00,1.557220721027788457e+01,-1.079362437314633993e+01,-8.528215752832045027e+00,2.853628907784210078e+00,8.125951021938590202e+00,-2.545868510357128578e+00,-1.290674338104688523e+01,-4.488457702492139489e+00,2.019278264729585715e+01,-6.389830589006149086e-01,-3.858640825589270573e+00,5.060626663870031905e+00,-1.071707889288832050e+01,-5.753726281824826927e+00,1.657044876524461641e+00,-4.198545691921618861e+00,4.659655136261596553e+00,7.129899706703755946e+00,2.563466755979560752e+00,-9.637877881660697810e+00,-5.110910131725578509e+00,-1.335542232598665446e+00
1.333174757584523832e+03,-1.783516473692033344e+02,-1.263211791804407795e+02,-6.505214023449357796e+01,2.119712783601723771e+01,-2.367006108212151005e+01,6.984883354676719591e+01,4.201051369905995614e+01,4.942997107913372190e+01,1.472755121454400182e+02,-4.874054101040549369e+00,-3.951132498405967652e+01,-6.589314676069741950e+01,1.069130575403604766e+01,1.270236475369343410e+01,-2.560755834939873310e+01,5.051278090332360904e+01,-1.066709011315374589e+01,7.903794182886564101e+00,7.970808671001956114e+00,-2.454075505519068656e+01,1.362635857736651701e+01,-5.342390862173726163e+00,1.113008140457594308e+01,-3.742598307103174982e+00,5.329093043595070966e+00,-3.675477381563528212e+00,-1.690554562343866696e+00,-1.039673057851497973e+01,-2.364548066437534235e+00,-3.636088314483697737e+00,-3.298958512472916826e+00,-2.633781859658469227e+00,4.397448704354774307e+00,-2.859941687417141942e+00,7.696069422271238025e+00,-5.197197402186304771e+00,2.253849808458496362e+00,3.186053136943723940e-01,1.237563630122712893e-01,-3.939600670791840287e+00,2.860694710085231129e+00,-1.410404084774821154e+00,2.034541785759143462e+00,1.530258556122604974e+00,-2.720444476783220544e+00,-1.905426770134374337e+00,-1.300671556570095921e+00,1.968277968425898306e-01,-4.183461887613999508e+00
1.548595231140280248e+03,-1.652429867441914553e+02,-1.145747988667603039e+02,-4.293208333554157718e+01,6.120335417506524323e+00,6.814415569632579661e+01,-3.828885456588928093e+01,-4.913723622572972261e+01,3.503589248540767187e+01,-2.721180801076443601e+01,-5.713285823406280173e+01,5.121192492622324011e-01,2.580714358515932716e+01,3.008521675391145678e+00,-9.755188118960072430e+00,4.007926560555320350e+01,1.014394378032485022e+01,1.647524187040951560e+01,-2.093626286142113457e+01,2.094620218894751318e+01,1.016736943482715283e+01,-1.347644381307156136e+00,3.822089121486088459e+01,-7.695428076118154825e-01,4.098389715449065385e+00,2.250913250998991089e+01,3.983310315515869782e+00,-2.551189729963318165e+00,-2.098545307984810293e+01,3.664980081081540497e+00,-7.108861747262236186e+00,-2.914014202130506348e+01,2.404204643313330170e+00,1.120605154260595704e+01,-4.372429365674937785e+00,3.855213857855932957e+00,3.071893884494206528e+00,-2.548008602591070648e+00,-7.605308173886824008e+00,-4.433843320192761617e+00,-7.255607838739981830e+00,-8.080413183706102842e+00,-4.095744585374546110e-01,7.489979556427589280e+00,3.496111616509642861e+00,-1.267982285315195057e+01,-4.792005408146062351e+00,4.706849472695877168e+00,3.118764844835709149e-01,3.925725593641768540e+00
1.361235627567984466e+03,-1.883165340021963061e+02,-3.047388296959451282e+01,-4.479988441216123718e+00,-3.196314198049857325e+01,2.524271924565800873e+01,-4.890032289942245924e+00,-4.242796382312241654e+00,-6.599137961647616457e+00,-3.927827447054524868e+01,1.414022334059386266e+00,2.778605640857027659e+00,-3.564786129136772530e+01,1.610256635268483905e+01,1.907569577161332575e+01,1.505480282150894356e+00,8.242853200351791809e-01,2.344472760468274686e-01,-2.177195429088495615e+01,-1.666236002487386259e+01,-3.599327611027227647e+00,9.714208940071561216e+00,-7.069420186464337341e+00,-9.139672423358401687e+00,7.016056032693482436e+00,8.599116128753120591e+00,1.540347846947239585e+00,-5.677596794928899016e+00,8.612836613073449499e+00,-1.024846947740410030e+01,2.822787859687821754e+00,-5.645807760881687898e+00,1.272246945889968561e+00,-5.399589378010166030e+00,-1.227949644206203672e+01,-1.329918912768220496e+00,1.524245582643056540e+00,1.240930098108463220e+01,-2.882300703570323641e+00,3.118080550432823728e+00,3.380787809919703957e+00,6.109748953526301207e+00,6.385898683443507196e+00,-8.428455038471829752e+00,3.700414608986218212e+00,5.815443197426582028e-02,-5.214135437135167805e+00,7.669444600009734714e+00,-1.349790566735609865e+01,-1.196669575840477684e+01
1.149048776842445704e+03,-3.781213936797651343e+01,-2.204501474472094991e+00,5.220845936691226541e+01,-4.393914377761976908e+00,-5.638160851846062371e+01,2.699763732249304482e+01,-3.642406785034130401e+00,-4.376101057511807824e+01,-6.002589160580617644e+00,3.204005038518887005e+01,3.331359598148554824e+01,-3.119504963003183207e+01,1.019920026350524012e+01,-4.643944775491195109e+00,3.516880090515056878e+01,3.065113890559080190e+01,3.290200457965956282e+00,-2.639614709160049699e+00,-2.156830581237305822e+01,2.425440678771834868e+01,2.912400241278870539e+00,6.059709705805497393e+00,-2.392290046566780148e+01,-6.457196023825207298e+00,-2.006156850584685714e+01,6.627398687627047202e+00,-1.278822930208424502e+01,-5.169637532385476852e+00,1.411257007262983265e+01,-2.337636807632326708e+01,1.945417058993697879e+00,5.948271611750728383e+00,1.168440092546599018e+01,-1.081908479603749740e+01,2.412446426097303309e+00,3.529860921067036195e+00,-1.195099209643055005e+01,-2.826998378842492166e+00,-4.588717369498655607e+00,1.064878547490840255e+01,3.736215828203088396e+00,-7.458539575297441715e+00,2.515796083225969593e+00,-6.825319557538465531e+00,-3.577061211806632501e-01,-4.986832764411934349e+00,-1.321752587719340966e+01,6.515680157618598756e+00,-7.807140681582898978e+00
1.647099423444443119e+03,5.908594731988390691e+01,-1.033315286945558285e+02,-4.318695149609412454e+01,-6.249826462706936425e+00,6.906970338435709778e+01,2.541975770981608918e+01,5.103294864322651136e+01,-4.358810380259878059e+01,-6.768784288340630617e+00,-5.130313575513737590e+01,-1.110011494719345393e+01,-3.662771624464503617e+01,-2.635057561214558319e+01,3.682098695138131372e+00,-3.107728544101026813e+01,-4.661817749006301881e+01,5.060280675576419362e+00,1.695038038738017150e+01,-2.182357435369120324e+01,3.701211203329771715e-01,-2.066052532732039282e+01,1.195290766201978494e+00,1.171380700140561260e+01,1.160013064009204342e+00,5.486104883415854686e-03,-1.997806492365038267e+01,-4.298457501824037408e+00,-6.070395633839520855e+00,2.651693164109293477e+01,-8.563900394497126811e+00,1.411522461677640505e+00,-3.150657180203397800e+00,5.890983497053150941e+00,1.769333975107499457e+00,-9.526122515178396810e+00,-3.704207283718238042e+00,-1.018888629957401193e+01,6.288076628391459089e+00,6.677024811483174283e-01,4.970453440284261504e+00,-1.580741073652101214e+01,-2.515755717483608489e+00,1.598411038478070978e+00,-4.517101667917268415e+00,-2.768415834213830973e+00,7.328282763492424134e-01,-6.607031031386822129e+00,-8.773859697432532911e+00,2.937318459486536248e+00
1.154593010274882090e+03,-1.294031169304684568e+02,9.034199193696454699e+01,2.028063551347145932e+01,-5.260297671823163768e+01,1.873265473077367460e+00,-5.652913397817799535e+01,3.747835173048515145e+01,-4.048888500613477248e+01,-1.088771603709090741e+01,1.850386695542673721e+01,-3.881424820491530880e+01,1.503612264619398786e+01,-2.970519689838499566e+00,4.516438217739501826e-01,1.093073971255861032e+00,5.343265395808168172e+00,-5.984354218353500698e+01,-1.356662514984209267e+01,1.981509798610528961e+01,-8.416130038959137138e+00,6.731279115741111596e+00,-1.811480067124236726e+01,-6.597646680853074486e+00,1.569433380393975241e+01,1.115589510753445879e+01,3.062336321900812841e+00,8.781470836891495102e-01,3.411348593543920948e+00,1.691234012208081339e+01,-2.411723361710076219e+01,-7.000441153804637384e-01,9.113490975745634159e+00,6.735724147045113464e-01,-2.215217260507537755e+00,-8.489876473998240414e+00,1.947023668663216966e+01,-1.053403667556906598e+01,-4.689383595489100109e+00,7.675309354538683237e+00,-6.787195638100840256e-01,-4.011055393239689515e+00,-3.243615131249353745e+00,-9.626558039232608888e-01,2.683721428692330768e+00,-9.621661794766463771e+00,1.876420533153587034e+00,7.995657077810276903e+00,-4.215920100701053275e-01,-5.002341332987136013e+00
1.409152523756360097e+03,-1.049951505436741428e+00,7.004857599182709293e+01,-9.514374054219508769e-01,8.950373573570719543e+01,4.884786158527485433e+00,-2.608176743392284180e+01,-1.077447125843072584e+01,-2.136888145604302380e+01,2.296569499066800080e-01,-2.420374177529190973e+01,9.902538640900752753e+00,-4.228768831173713494e+01,-4.836136677206765455e+01,2.025917067487278445e+01,9.547056936839094732e+00,-6.279761777032893733e+00,-2.125853661216310808e+00,-4.625067578223685416e+01,-3.804227543813283319e+01,5.349327636007676468e+00,1.241027807413640893e+01,-2.035196765263450658e+01,-9.794272492161912425e+00,-2.672880367133251500e+00,-6.451302053355910004e+00,-1.141870070191446551e+01,3.603820605019887324e+00,-1.597793069592540327e+01,6.856431820569926394e+00,1.520142710080250126e+01,3.868668066777552816e+00,5.565319221094557456e+00,9.183770402902579733e+00,5.316530684658483885e+00,6.153653042082066982e+00,6.890381047339881881e+00,1.129545928620960105e+01,9.050755466672235627e-01,1.172012316042766855e+01,4.129377020963291400e+00,-1.836189322503639421e+00,4.344361946833606325e+00,-9.430719181000124962e+00,-7.897146697072700006e-01,7.911188384316334421e+00,1.789925881281376308e+00,9.648212891495889565e+00,3.690565647751506528e+00,-1.354909338019722131e+00
1.491160091057491627e+03,1.105999854815850370e+02,-2.560774516182807048e+01,1.877203853009919499e+01,-2.659493714806219344e+01,3.968108994290761160e+01,4.383761894449602070e-01,2.105850610131055944e+01,-7.551433482985096646e+00,3.299813184614039052e+00,-1.284943419531601627e+01,3.153368878309114010e+01,4.553663244621686701e+00,-8.798749696595475456e+00,8.538939520896246194e+00,-5.052915669035126456e+00,-2.060070242935022888e-01,-1.846116988453282914e+01,2.181279662516179219e+00,-1.120721646991384013e+01,-1.327145862236848162e+00,-1.642707163114884494e+01,7.126593896652980042e+00,2.462695317603462541e+01,-1.365007209658326490e-02,1.820178930854452037e+00,-2.254611626302298610e+00,1.420240674588315599e+01,-5.163101964744337025e+00,-1.942397073814850472e+01,-5.212006339283083101e+00,-1.331895719129086331e+00,9.234296176114970223e+00,-8.596090164852544291e+00,7.816980353299032735e+00,1.082594712495264311e+01,1.387369072908593637e+01,5.198053432209288616e+00,-5.227147025877243447e-01,1.389320466877301818e+01,-5.434133968001455095e+00,1.355650289701952715e+01,-4.540623426289847941e+00,1.387377031165303798e+01,3.701671752629762668e+00,-3.336489751131830328e+00,-3.441415983730084172e+00,-5.754836856655960453e+00,7.353560240905039791e+00,2.696830093880980828e-01
1.285867808934728600e+03,-3.987258213584489397e+01,1.040642451747597761e+02,3.061421389137930760e+01,-3.232096860544790218e+01,2.952981932068029725e+00,-8.436046765341731657e+01,1.446488888845397547e+01,8.311333366690327296e+00,4.361266440550627976e+01,-5.856806359873138490e+01,-3.579850698968606793e+01,-1.515454400380646938e+01,3.946840988394915684e+01,1.026661368396066898e+01,-7.897139480219631302e+00,-4.337868770276256924e+01,5.320067046302987990e+01,1.772968750228290702e+01,3.509397590212822848e+01,2.806240070568664535e+01,-4.624235684679625535e+00,-2.243741869089124918e+01,-1.958866629388383629e+01,-7.041441735066155339e+00,4.967750361321474628e+00,2.286969493516657792e+01,6.963423785252066622e+00,6.247906994174502238e+00,6.952543799633578381e+00,1.094527709049255293e+01,7.422411530741726438e+00,-8.016595738721754572e+00,-1.778842660078376436e+00,3.474272024859550445e+00,1.349642931360855336e+01,3.958703139207641275e+00,-1.307115664416890755e-01,-8.077406348271034986e+00,4.994007121536954585e+00,6.639228238934191673e-01,-8.235805862653140519e-01,-5.658928239442615471e+00,2.092645343123002100e+00,6.740549000454973960e-01,-3.438500355542676523e+00,2.119075661443182046e+00,-4.493197043749015407e+00,4.134050927367624584e-01,-6.421801700358552800e+00
1.205621700962347404e+03,1.546650128993069302e+02,-1.195458893582603395e+02,-9.703616104220401439e+00,9.811897882960911588e+00,2.175528542866678450e+01,-2.377254733981455814e+01,-5.638532270577890415e+01,-7.819969618659955302e+01,-1.236821216466835072e+00,-2.278395611586633862e+01,-4.175045594706747210e+01,1.855438550528437602e+01,1.324732731033451572e+01,-1.260756525277942153e+01,3.662913339898697274e+01,1.152923965517953064e+01,-3.159147498365757034e+00,5.342673465225650453e+00,9.761911417133221747e+00,-2.391192455491947300e+01,5.015179651667866167e+00,-2.382878254073379498e+00,1.611987882666977256e+01,8.697945603399547920e+00,-2.376231312288031816e+01,8.048063483522060579e+00,-2.323689955815284591e+01,2.300647257771583654e+01,-1.401042693645728932e+01,-4.241002560466592186e+00,1.443548632078271154e+01,6.510050306521566021e+00,1.051066662639187577e+01,9.532525206015046493e+00,7.331609439679253271e+00,-7.606110580732161175e+00,6.646172474561403476e+00,2.830376221810072312e+00,1.144461925162086047e+01,-2.978553487958648383e+00,1.459656609774500291e+00,7.285308755274991555e+00,-1.422742700726855158e+00,-2.909963530199075166e+00,-9.835729340795712261e+00,1.344481867404819564e+00,1.886300839576702915e+00,-7.291335701426864269e+00,-2.005944176760384057e+00
1.284507500054436150e+03,-1.841307125819265025e+02,-9.846952646550757038e+01,-5.515575005244969908e+00,-8.927535537729582416e+00,8.035883570049092484e+00,1.580820830019675860e+01,1.636046706091113734e+01,6.042633409757625174e+01,-7.723861761444513263e+01,3.049458013404780488e+01,2.351939331051763560e+01,-4.658183684489507925e+01,-5.062489935244052219e+00,-3.520360513573898231e+01,3.812857766945991322e+00,2.821412184118215372e+00,-7.424751876536658024e+00,1.868246515810955133e+00,-1.717696085954426621e+01,3.700776090913529881e+00,3.062565817519319999e+00,-1.117669397876587922e+01,-1.504535013094241513e+01,2.183562202740428049e+01,6.314951957837720897e+00,2.231584994812431688e+01,1.104432648229403569e+01,8.831871439307063198e+00,5.440221569544398506e+00,-6.154731709596463762e-01,4.374245838796303687e+00,-1.371543970961108627e+01,-2.894002305182126200e+00,1.838274496081678677e+01,7.968509143658946137e+00,-1.911038340149453063e+01,-2.607271972594590981e+00,-3.346643594810784772e-01,9.224521052155308709e+00,-1.883680051490816298e+00,8.570085526626574080e+00,-6.876968527320424407e+00,6.669904996508724260e+00,5.034143209654090789e+00,-3.876492522449909384e+00,6.211108527801639134e+00,-3.310656305419361622e+00,-1.289296555829183122e+00,9.352232198596453827e+00
1.379062518875053684e+03,3.564272948751379744e+01,-1.010772258181891203e+02,-7.092868574827662087e+00,-4.807905870480001909e+01,-1.123058628871960138e+02,-8.563429119923013388e+01,-1.490027167651116358e+01,4.606834917628359705e+01,1.698690941312020897e+01,2.417477080431551784e+01,-1.524606548068586243e+01,5.641140463660234161e+01,-6.349527807609797492e+01,-1.853325639024677685e+01,-1.158172352729891408e+01,-2.700856783576973008e+00,-1.296032070046813089e-01,4.919587038380383248e+00,-8.710518947241725485e+00,-2.211656942569930351e+01,-1.709282587752576532e+01,-7.761345415748836629e+00,-8.422130614364299106e+00,-4.259494157819090354e+00,1.483105072641992095e+01,-1.906919874579029539e+01,-2.535143155398291626e+01,1.184973065545674764e+01,1.561362880369412665e+01,5.364361784723709725e+00,3.508994525379526497e+00,-1.419015714174404330e+01,-1.855329515972681875e+01,2.294689046611320116e+00,-2.465119949322161830e+00,-1.975642947089014001e+00,-4.662993391515662722e+00,-5.057921030750394564e+00,2.609940635928590602e+00,-2.617902681972408135e-02,4.314740645107941752e+00,-3.462234469992878649e-01,1.015782861410553961e+00,-4.905921041871653121e-01,2.687545127296748326e+00,-1.380411133989343453e+00,2.003966364370064479e+00,3.276622078781218139e+00,-5.559059699457119308e+00
1.193744315000487859e+03,2.125216096262700916e+01,-2.435826238449376291e+01,-6.683031126655183130e+01,-3.470253556900781433e+01,-5.984005395325249310e+01,4.160884168712193798e+01,-5.795988606976619906e+01,-5.929035253863976607e+01,3.801319121921339672e+01,-4.981686732978444887e+00,9.258813205882017172e+00,2.778820877702754544e+01,-2.408767618745064354e+01,-8.700576622926149639e+00,1.985375213341302469e+01,1.493723498686733286e+01,2.638661023088400270e+01,5.801264216064650370e+00,-1.049177812880364868e+01,7.091992496975545457e+00,-8.119108124345254529e-01,7.512718092744075982e+00,9.340294688582284621e+00,2.796795550122876151e+01,8.560390927535006966e+00,2.060346203172418900e+00,2.139288416067158849e+01,-1.054961626466859137e+01,1.143837885264405330e+01,1.603380271541014590e+00,1.098531991378311545e+01,1.188823594718576571e+00,-1.385059130721945753e+00,-3.545946923991913025e+00,-2.738997001742821347e+00,-5.224655747923196536e+00,-3.141078017351509377e+00,2.467706008807978968e+00,1.069495345132475350e+01,-3.404138789744347804e+00,4.743203516853095603e-01,7.765227649891743411e+00,-1.197110041955847315e+01,1.082880947296440155e+01,4.729995474285338730e+00,8.090738116704930150e+00,5.636710301024380421e+00,2.558591880973739130e+00,-4.411690724760631177e+00
1.582288638844350317e+03,-4.525448209722875959e+01,6.585418409695280673e+01,3.058163143495325542e+01,1.350502140528847121e+02,-5.844021697411168503e+01,3.108141676236639839e+00,-1.815125576639957927e+01,-9.174882186807353790e+00,-2.642820110618577445e+01,2.665215991586859445e+01,1.889753511010246712e+01,-2.607803863068850703e+01,-3.521522160639132437e+01,9.345621417285698840e+01,2.647418411785562142e+01,4.022406161389064039e+00,-7.938628142580734348e+00,3.357782745302781535e+01,4.642015068902662733e+01,-1.008816294434778271e+01,-1.574181773630060732e+01,1.448460767169658325e+01,5.732167201866703365e+00,-6.676212214126836741e+00,7.331904258614379444e+00,6.538574047532094369e+00,-7.992219072880212272e-01,1.334394609879137228e+01,6.861891900472872230e+00,-6.283956517158221011e+00,-8.700297974498148790e+00,-7.451196236136432560e+00,-4.752946134860083660e+00,4.079737757004198606e+00,-2.581843267147224674e-01,-4.583387589305459642e+00,-1.139241375188172201e-01,-2.496533726677162335e+00,-1.857472092055260315e+00,2.529410725938103788e+00,1.448885511571242679e+00,1.884034764636344672e+00,-7.765930012127130411e+00,4.733612440020893430e+00,-1.365848190873949042e+00,-2.962195518033090558e+00,-8.822103748309428894e-01,-2.792921413379878093e+00,9.056890695039578887e+00
1.268318571679738852e+03,-2.602436056011957817e+02,8.514795565669189159e+00,5.805568811717365385e+00,1.211857569083452688e+02,-7.807411801221515191e+01,8.217631797071605959e+00,-6.282677495986125393e+01,1.508874686180349123e+01,2.860907292101523947e+00,-1.596873700996168566e+01,-2.948938807430746323e+00,1.184400037900574532e+01,7.346371571341700246e+01,-1.762741864681039061e+01,2.739387154047811990e+01,-2.371659396596941605e+01,-1.694293957626577551e+01,2.137673231623661607e+01,-3.173645706655583609e+01,-1.330993196800093337e+01,-3.368634346547936786e+01,-1.612835328733761386e+01,7.771645463641439378e+00,-1.783460927755319503e+01,1.084455796089829072e+01,-1.585632141003370954e+01,5.301000148021003611e+00,-1.271666229952380611e+01,-6.638941395205077534e+00,1.472626694058700991e+01,1.674741705829219995e+00,1.699449616145018638e+01,-3.499399514350587825e+00,7.833220719915134467e+00,-1.498575367565050875e+01,-1.442382542841720738e+00,-5.674558556025171008e+00,-1.135617830901860792e+01,-5.513191037507278125e+00,1.404705749142333104e+01,2.743935028225722661e+00,6.343588661839021370e-01,3.856400066744176236e+00,-3.859852934011884784e-01,-1.416955608371453179e+00,3.768241910195494704e+00,7.514330322340250223e-01,-1.185140523404917490e+00,6.828579083354522350e-01
1.350110683538026478e+03,2.540495124696052898e+01,-1.106568762607543732e+02,3.608147002889794663e+01,-3.625046989422482824e+00,5.856555769211661300e+01,3.178264805994930242e+01,-3.309386340042082963e+01,2.123237098710465531e+01,-3.844353245306069056e+01,4.385452787770742766e+00,3.963873380554316839e+01,-3.223551739672897209e+00,-1.790642315035188759e+01,-1.460868997531104618e+01,-2.003364217007950288e+01,1.022494528348347531e+00,1.326933139087854485e+01,3.572025547233032228e+01,2.756409102317577009e+01,8.522722132896422664e+00,2.030014931175810844e+01,-2.497458296119284071e+01,1.001140469717231340e+01,2.723898945934644100e+00,8.611400154471038348e+00,5.365288870543731825e+00,2.175637845054648967e+00,-7.076460673507260601e+00,2.839327250527914348e+00,-9.249996037845853891e+00,1.919452434439689625e+01,9.018261698948119687e+00,2.534558159695024848e+00,6.685575133596158182e+00,-8.234165417707565382e+00,1.682079741701380016e+01,9.995244229473225772e+00,1.400567188447385814e+00,-1.604927669171626547e+01,9.194734656037963916e+00,-9.249516480008416863e+00,5.626521668100737728e+00,2.989771898456737187e+00,3.919542027835556386e+00,1.570968383357899256e+01,-2.885339701359039388e+00,8.913869700884683667e+00,-9.395465265764438301e-02,-5.406611309211761807e+00
1.649134555608834944e+03,2.366327214607507017e+02,6.895334035667912076e+01,-4.163096144646102914e+01,-2.676633352402255994e+01,5.177658806756096510e+01,8.623921316662276126e+00,-4.073283579284831646e+00,4.425934185545582977e+01,-4.098991895199453950e+01,-5.853604277316294713e+01,2.788419173631123127e-01,2.384931759320611633e+00,-1.487936941669864765e+01,1.177513786861170431e+01,1.627933142910020337e+01,7.000836754519536953e+01,1.660512639563769355e+01,2.687167082518003625e+01,-5.843548038082571949e+00,-8.072029082957866919e+00,-2.344258401503982725e+01,-3.160314990022527581e+01,-2.268130066497902320e+01,-1.022030511129273123e+01,-6.878694149805231639e+00,-2.173486076377606224e+01,3.646194315969380373e+00,1.416881165888311855e+01,-6.227511972543484653e+00,1.786462969585721705e+00,1.690998913246856417e-01,-3.120257256949360958e+00,1.327651552807399504e+01,-7.833711385467322152e+00,-3.012863164387887593e+00,1.186085017479685533e+00,-1.165197292228021198e+01,-4.419437684826750257e+00,2.578366952746049545e+00,-3.922014581414727807e+00,6.189528266117338084e+00,-2.994456308640346620e+00,-3.343532009876979849e+00,-5.201895894028560008e+00,2.607717077348168822e+00,1.997248150787746424e+00,-4.264186471449031401e+00,-8.655445414788530689e-01,-1.055607226345701255e+00
1.398149621334885978e+03,9.973214634837357551e+01,1.139225166044346054e+02,1.554772564657003464e+01,7.258094081307558554e+01,2.074157462740655689e+01,7.013465736886993795e+01,6.937647839737738309e+01,5.390387476175167336e+01,-2.846796553094019444e+01,4.296538355034211065e+01,-2.399119822716701123e+01,4.200273278231174601e+01,1.127336734191990431e+01,1.712430219832762290e+01,4.547637563919157522e+00,3.819574879582366300e+00,3.275491801644908207e+01,-9.243972180220492163e+00,8.200560271246455812e+00,-2.807259557502092662e+00,-4.187528990102398652e+00,-1.872768314052244421e+00,1.854836673173377193e+01,3.046597408422885422e+01,-2.201334822521682355e+01,2.879321589986252317e+00,-9.255356191371358676e+00,-3.276004367905441228e+01,-3.884418151034292777e+00,1.150056840399782815e-01,1.046724967409783957e+01,-8.482344175767686068e+00,-1.405515841123694187e+01,-5.349270928426664184e+00,-6.523842346808382153e+00,-5.328568347785446413e+00,1.443504276678567511e+00,-2.853736275536236988e+00,1.082396211221440119e+01,-2.069639380347032986e+00,3.406311925560973064e-01,1.102995212353964360e+00,1.686490449445084749e+00,-9.170120227745671926e+00,-7.768695189500995468e+00,8.257863158311863350e-01,-2.449694793798978143e+00,-3.307369137073023158e+00,-8.596253296768026075e+00
1.279761907488771840e+03,-2.309506150933378592e+02,3.330143371868278024e+01,-2.402272137754871650e+01,-8.341199620565384976e+01,-1.654467422719467606e+01,-7.406724455793281536e-02,3.075268926339385800e+01,4.137788303814642887e+01,1.009640429986082610e+00,1.018512551889617690e+01,1.482546669052729271e+01,1.850014587538108302e+01,1.647206931993174095e+01,3.289640949133151082e+01,-1.480267726398485806e+01,-3.861952535899307293e+01,2.349934452382463235e+00,2.079172368849700803e+01,-1.749149042568380352e+01,-1.358880824899641793e+00,-1.229424543407012749e+01,1.275521019357903718e+01,9.505373874386567223e+00,1.157226272572660308e+00,-3.042833704677218520e+01,-1.209193202050949711e+00,-2.543392777902279356e+00,9.656646135256684360e+00,7.147296784697276806e+00,-7.454787982918780642e+00,-5.979239905649420983e+00,4.372654946582111180e+00,2.469269548002341352e+01,-3.488105811681157853e+00,-2.523318747626464020e+00,-4.353921780138338526e+00,-1.829057506568990688e+00,7.146306321186041366e+00,1.569982608671073976e+00,-3.365149433073101104e+00,6.588956661996772546e+00,1.529199543216151902e+01,4.360708172591904130e+00,4.961317651212903357e+00,-2.919002610716153967e+00,6.396698211834609182e+00,1.271680758957078616e+01,8.140138639184035796e+00,-8.643548621768134543e-01
1.236383368622747412e+03,1.863970336930750875e+02,1.357732517642401149e+02,-6.609642529448206005e+01,-3.256099869060797403e+01,-5.335130783029796930e+01,5.844684369662587642e+01,-1.215375938282125787e+02,3.848611230979906850e+01,-4.459348709549350076e+01,-2.684272024570942250e+01,-4.302087760384795345e+00,-4.114227371683093537e+01,1.799052667860399879e+01,-1.002554072010078734e+01,-3.873455549009187848e+01,-1.489450104418500942e+01,-5.839484344253253134e+00,-8.815021377319478546e+00,-2.153145527761437528e+00,1.069942179566415419e+01,3.386078270216069086e+01,2.365763235389239938e+00,1.320876166942462859e+01,-2.576780507332943060e+01,-1.167113693470539282e+01,-8.029963469996806325e+00,-1.832670670250511691e+01,-3.474334428259337137e+00,5.378615267160303581e+00,-1.050885133945104322e+01,7.214028753581525066e+00,-1.310380446672361998e+01,-2.078071718507680998e+01,2.475140510118619130e-01,7.085869948809390806e+00,6.330186033093384346e+00,-2.362010151196770824e+00,-4.245810790835720994e+00,-7.459099750000962592e-01,-1.020255584158182316e+01,-1.492221066921568084e+00,4.287245651341224928e+00,1.743051308550500611e+00,6.948532176067148569e+00,-7.789923454723641782e+00,-2.633883180817260250e+00,5.569270576529705252e+00,3.308775568499658704e+00,-1.944464834264558961e+00
1.380063633381709678e+03,-3.874356591576075175e+02,9.744401181604953877e+01,7.971467581691848991e+00,3.911119977315480867e+01,-4.866573525393788069e-01,7.467372280784761074e+01,4.058905563595537558e+01,-3.005910786963946890e+01,-1.539669830784360371e+01,-4.854913139324226279e+01,3.798156533004187452e+01,4.333979108608525621e+01,4.126258972153423521e+00,-4.097863848834244749e+01,-6.821618536729376103e+01,3.166557351829911227e+01,2.073948110840717973e+01,-1.643623123687330079e+01,1.802585646612978465e+01,-1.592918117499215747e+01,-2.591917818643063587e+00,2.443623321701237927e+01,-7.672616057831783465e+00,-1.010881000917183314e+01,-9.838361434284493612e+00,4.900668944100765145e+00,-9.120145051710853323e+00,2.340125281176879213e+01,4.289035741436939553e+00,1.109329471400113754e+01,-3.848277507029945532e+00,5.572886121474937227e+00,-3.766848874320558593e+00,7.922407878805062253e+00,-7.306531366677491590e+00,-5.904611621892247086e+00,-3.188016497455516962e+00,3.847562366808533252e+00,6.622009455183759385e+00,6.030438035750532499e+00,-2.267981148337452346e+00,1.717591791061194417e+00,-9.862448802557386429e+00,-3.143273619886191916e+00,1.841478315283573863e+00,-7.363500799862093160e+00,1.576760959752081970e+00,8.179840083674211115e+00,-3.503212995231645976e-01
1.291214167830402630e+03,1.862807172363008021e+02,1.159269072025791125e+01,1.857022856330303995e+01,-1.584663616741306136e+01,-4.387360160888231064e+01,-2.627286694560067559e+01,2.548002786073163151e+01,-1.300144428378274952e+01,1.018836018373456831e+01,9.205742171067166524e+00,1.973660638906470055e+01,-4.570949196495594435e+01,8.575562603554148566e+00,-3.740358850536141233e+01,-8.872598731364961466e+00,-1.837168792557409347e+01,4.837850406938282610e+00,1.207586741121799179e+01,2.217057663179888749e+01,3.414783403012647511e+01,-1.229254510338170192e+01,7.501758742391568813e-01,1.335318486442540653e+01,1.839707283899972978e+01,1.964481149532427651e+01,-9.085877527586657010e+00,-1.413847518575611595e+01,8.843500424538925486e+00,-1.793042733879785189e+01,6.360386881142295890e-01,-1.954571648126752237e+01,-4.527230990787603382e+00,-2.573478668435347783e-01,-7.700219088846665727e+00,-1.249250147609831352e+01,-1.045328322418237654e+01,3.014332584537355419e+00,1.249041357972843436e+01,9.876414180003310506e+00,-1.165763864644780767e+00,1.197820697063951556e+01,5.579139515927690418e+00,-2.889132530090769535e+00,-2.661703666974974958e+00,3.240295078466536971e+00,4.302758118890516847e+00,5.989925466999679315e-01,9.966320209569726751e-01,-1.744964835807599091e+00
1.092420467908242244e+03,-1.525354459544544738e+02,7.249540066690808260e+01,5.433364248078721914e+01,-6.269452697321192858e+01,2.397018876495031847e+01,-2.020512073830978039e+01,1.639495032683198161e+01,-8.631244139918512914e+00,-1.421766089863577953e+01,1.637048770391453800e+01,-9.742063294193319223e+01,-1.787015852375402503e+01,-2.555688378823102269e+01,-1.656540490514661457e+01,1.890849492604677096e+01,1.908144291348560984e+01,9.447974864305983544e+00,1.526936065275728893e+01,-2.923480036451903796e+00,3.244217628441806767e+01,2.913793826751025051e+00,1.550358821330247849e+01,-5.610642950663150330e+00,-8.469343409451306925e+00,-4.480740537950210545e+00,-6.645381034769878958e+00,1.749290377365094784e+01,-1.818975591817897808e+00,-1.484587766280415666e+00,4.552514139984806363e+00,5.426158490268232271e+00,1.787993393152996546e+01,-1.199124958748799763e+01,1.262168097976372927e+01,5.075597891330122513e-01,-6.799254603621724513e+00,8.034131737131085416e+00,8.264288981451729299e+00,-4.628988329171118465e+00,1.019250755767962247e+01,5.780475950190296253e+00,9.291678447716099853e+00,2.646005924759427419e+00,7.713324581121284496e+00,3.723198430759203426e+00,-1.161259278857014365e+01,-3.742024703852806056e+00,7.738576489744001030e+00,5.252103677899983225e+00
1.150005517629322185e+03,-1.566309655290437206e+02,-2.090555478869100536e+00,2.107089491655746016e+01,-3.456554522399685681e+01,-6.626548336353434365e+01,1.031090661365495436e+02,-5.973797742672231070e-01,-1.964093819154290443e+01,4.062010016143435820e+01,2.177108355594545941e+01,2.166548097459319067e+01,2.600686925363983804e+01,7.263002397672224220e+00,-1.806428332046766982e+01,4.221716485190948731e+01,-6.890519237185108281e+00,-6.248025434780791088e+00,-1.106772012257294691e+01,1.181614995616035557e+01,4.078109520885114136e+01,-1.224580040863899377e+01,-3.042349854138237930e+01,7.566313558507597570e+00,1.957418337036433531e+00,-1.701686309723864809e+01,-1.158795754660767940e+01,5.260100297485627685e+00,1.419542556897773622e+01,8.302949521673596678e+00,-3.299810572773992590e+00,2.952385469376214155e-01,-6.063836350531914832e-01,2.495798292611358105e-01,8.352648870121623048e+00,5.184077135330033670e+00,1.413097771127766134e+00,2.196142032704586455e+01,-4.769206115947232760e+00,-4.855395727064366618e+00,-1.252039073722916740e+01,-1.269993506856294019e+01,-6.679755522750217445e+00,5.381068130657590265e-01,-2.546381999593347878e+00,-8.496586459633157506e-01,-1.373184077031095640e+01,1.115889254418725995e+00,-8.341331068507987112e+00,4.628495586925096106e+00
1.444229485535270669e+03,1.249167275170482583e+02,-1.969143577015851676e+01,-4.652256964226929625e+01,-9.516328206794267430e+01,4.348986020543394204e+01,1.071879772040498722e+02,-6.728331657751905936e+01,-1.586750001644022667e+01,3.135445037375296806e+01,2.871385396705368720e+01,-1.228745045635460187e+01,3.898859697185203288e+01,-1.305852277639769454e+01,2.520400436318807280e+01,-2.350180911797380645e+01,-1.890330561532572773e+01,-2.936113139055177612e+01,7.125707172051145122e+00,5.311084312227730697e-01,1.320840440639070401e+01,-1.523826694988308894e+01,8.186836297446433264e+00,-3.468060816826994142e+01,-1.134365090176203061e+01,9.075608733561750796e+00,2.580247324145232568e+01,-2.523805094247268066e+00,-1.920147071688989726e+01,-4.692907070274858761e+00,2.047603868037817065e+01,-1.209982151815951701e+00,-1.574080004740129013e+01,8.534599344219355288e+00,-1.765421932937854210e+00,-7.826693868561209300e+00,-3.463539869417501027e+00,7.911542640210494248e+00,2.739113578425085738e+00,-1.818526900520799128e+00,1.044562692352183220e+01,5.348024448205773496e+00,-9.010858980324661260e+00,-4.844928887249308147e+00,-6.313406742850472320e+00,-3.381012047619142091e+00,-3.441123461200984446e-01,-1.086235398355839293e-04,-1.303585832996396521e+00,2.038818257323289362e+00
1.166213900569678572e+03,-3.405357907527636030e+01,-9.183441583062673885e+01,-3.549022749686724865e+01,4.924085295862636436e+00,-6.299986745576361358e+01,-4.105943971091015499e+01,-1.648880688830308117e+01,1.867490698598606613e+01,-2.166049929339790836e+01,4.594230111544522543e+00,-1.531855491397993241e+01,3.077584899164873988e+01,-2.180995994433540019e+01,2.786280457939927402e+01,-1.713256798203644848e+01,2.475924438071498912e+01,8.513622169752348867e+00,-9.149708933073990025e+00,-1.907627200250239952e+01,3.676439542307500830e+01,2.273438733669770428e+01,-1.444292088941618246e+01,3.933776460495452199e+01,-1.224391780630775983e+01,-5.973442772415659796e+00,2.844231424198674674e+01,7.959507822406928668e+00,3.850637728891512346e+00,-1.412718337771170241e+01,4.332454972833597040e+00,-2.596751580067271448e+01,7.623228521941409319e+00,-3.366204879533440053e+00,4.017276368593472924e+00,-6.785809196856156245e-01,-2.238388290817063253e-01,-9.744774438114111703e+00,3.542083863895208573e+00,1.109825997270915909e+00,6.416790224044642166e+00,-9.572018046876657138e+00,-9.167470998773039170e+00,8.694534294914948447e-01,-6.688678918435999599e+00,-3.458825090005466674e+00,8.971005164924955366e+00,-2.082727290054475766e+00,-7.710876272190708702e-01,-2.187902930403620605e+00
1.506969435706805143e+03,1.270457541467862654e+02,7.057238386244986117e-01,6.455582722964678055e+01,-3.242724281009701315e+01,1.561352066026039820e+00,-6.781292899695237963e+01,1.862649525056487221e+01,-8.181237097844146433e+00,2.170994039576345358e+01,-1.490656095296817263e+01,3.096066663571542676e+01,-1.980434686463551230e+01,-1.899654979321575610e+01,-7.969387497935507270e+00,-1.556688431602214351e+01,9.039669130706865730e+00,-1.645166166867958424e+01,-2.407237874510013498e+01,1.785008750088679985e+00,1.406448981356045014e+00,-2.868841076192395079e+01,9.781097251129901693e+00,-1.709732767930105313e+00,-1.891238932965028141e+01,-1.280549782054829677e+01,5.223796503401858971e+00,1.350922486198991734e+01,-5.991137346075293024e+00,-2.085697847059699939e+01,-2.661779897322921862e+00,1.036310113272037725e+01,-4.645449233212557871e+00,-3.076574420750498806e+00,1.351820946794597944e+01,-6.020290819493941292e+00,1.305961342258532554e+00,2.452502813047039432e+00,-5.334094261008513055e-02,-1.056030443602827340e+01,-5.343479115740358054e+00,-6.957948125675491369e+00,4.668285347278630759e+00,2.999536298978732862e+00,-1.057554410327155558e+01,-5.231031236837447196e+00,4.332444440771930694e+00,3.595002407133762290e+00,-4.503633680273471107e+00,6.872668041385537663e+00
