8.536798758067104131e+01,2.750080695582486356e+00,2.259861358481662474e+00,3.342543112277462924e-01,1.470954517403033623e+00,2.353976118524085059e+00,-7.541898567206244408e-01,7.645298196508992783e-01,-1.666407806029437388e-01,5.979890559717577769e-01,-2.393615997761286140e-01,-3.151169134074001676e-01,3.195636265942424781e-01,-2.316085495755849932e-01,2.028428859630290459e-01,5.836293759693663569e-02,3.620561438503837326e-02,-8.631895445109441511e-02,-1.133528206733808580e-01,1.302412734237396730e-01,9.996224333376499405e-02,7.626895688337877177e-02,-2.187094052388120213e-01,-1.381815759926265444e-02,8.289068432846879997e-02,4.830326733455690691e-02,-1.534721600266771568e-01,2.149927054891906733e-02,1.307049938465982275e-01,-9.079952233174722054e-02,1.040894898695999757e-02,7.853892609471274655e-02,1.849702719831108205e-02,-5.629087823464765800e-02,-2.531633703933318033e-02,-1.194594927819564029e-01,1.497468621695982327e-01,-1.238763310064423251e-01,2.739421027774547462e-02,8.195095860031087259e-04,5.781194257113775326e-02,2.182285024502726017e-02,7.009298056353942263e-02,2.887601254359142139e-02,8.113929172871039985e-02,-7.461001479708839756e-02,6.348913856479498907e-02,-3.281116621227501973e-02,2.932958593825546467e-02,-7.729988280530475722e-03
1.186079225178221606e+02,-3.724398080995702465e+00,-3.490859561830135682e+00,1.261290442149684443e+00,-3.333554562617596084e-01,5.747791183931942882e-01,-5.735223362863753893e-01,2.149420129350179121e+00,-2.652385042353798683e-01,-1.763639768808762387e-01,-7.558630757295330127e-02,-3.136867940637116381e-01,2.266036321947541565e-01,-1.691816738561710554e-01,-2.106707611059844554e-01,6.867188020064318721e-02,2.435203503285388125e-03,2.091073570267969282e-03,-1.386581212571985286e-02,-5.944947986528578004e-02,5.227777398494497241e-02,-1.984937114640846212e-01,7.262974670411920589e-03,-1.159836124216958100e-02,-1.449769039563617301e-01,1.911191944784838143e-02,2.066408000887048624e-01,-3.929417402827204558e-02,-2.797065537107358280e-01,2.348362382285797412e-01,-6.703640418053494199e-02,-1.453363714362864746e-02,1.032844061285051601e-01,3.832322448472341020e-02,5.232194380791586885e-02,-1.380785054909817490e-02,-2.888749942041458560e-02,1.310029824443298407e-01,-6.576697345807538952e-02,-3.868351434140279016e-02,-2.477283333384554947e-02,-1.940098481386556177e-03,4.444899600863266159e-02,-2.864601814406115762e-02,-3.682867813309519123e-02,-2.417000714386405812e-03,2.450519621627850544e-02,-3.198840646226906032e-02,2.956789481758368907e-02,-6.100238042806047783e-02
1.244036443586659715e+02,1.544406055354032414e+00,2.749498953062444961e+00,-1.728840349606083349e+00,-4.841349577502905288e-01,8.673180156858739664e-01,4.567385743650227425e-01,-3.548219572554868195e-01,4.522702974546562449e-01,-3.699046269815154941e-01,9.002609523653466450e-01,4.385340123431481496e-01,-3.194020533034027109e-01,-3.072222457768352191e-02,-6.135412535820627955e-02,-1.439516467240248565e-01,3.746253506619171003e-02,2.455731068647926951e-01,1.714309564287336274e-01,4.696190310451992672e-02,-1.585190846003330933e-01,-1.007102654084068571e-01,4.553269915986539462e-02,-1.972757981182475806e-01,3.273613598089904209e-02,1.138537015010036846e-01,-5.530306184109260587e-02,-8.939914102339216462e-02,1.009431721778587254e-01,-2.011593277914640668e-02,2.531419764528040628e-01,4.567001881162520427e-02,1.394839373523507065e-02,2.653664766823954357e-02,8.608307768489974199e-02,-2.533102381688203536e-02,-1.077537723937547487e-01,-5.623312945477545316e-02,-3.339004564395638142e-02,1.063905055600076616e-01,7.208198347497114800e-02,-1.712280380219372705e-02,-6.469941177992165338e-02,1.543430206167670325e-03,-1.227557047774451016e-02,-2.746898815481980602e-02,8.104283385242428556e-03,-8.304904148406035830e-03,-8.324246105066397672e-02,1.219431112244862350e-02
1.230594528814153392e+02,3.610595397635662975e-03,2.261003544169469137e+00,5.007269309973533256e-01,4.593227950659846681e-01,-1.026581633590026160e-01,1.050412836133480798e+00,1.156921399178900911e+00,3.869310687639017088e-01,-1.605183334689129493e-01,5.754694795164409793e-02,5.139229024888422037e-01,-2.321104476356846413e-01,1.957349338641174441e-01,-3.256104463221342615e-01,5.272446723218058295e-01,3.838350093453789524e-01,4.131948064455356340e-01,-5.586386257405623335e-01,1.543885227532754700e-01,2.783428797744540995e-01,7.325469632048564605e-02,7.753847748548822749e-02,6.904220503441835244e-02,2.066166403284643294e-01,3.565446092606424505e-02,-9.741818231813029194e-02,3.308104536936608275e-02,6.023502063310261917e-02,6.772974165573313055e-02,-1.443225595065193434e-01,-2.981038577092219241e-02,-8.918432957574599917e-02,2.558566704359120925e-01,-9.700383018405815683e-02,1.095463384208385932e-02,-1.371674891032017007e-01,-3.262833824943837946e-02,-9.104913970718871152e-02,-7.998034617996239992e-02,2.305854943899843940e-02,-7.573720053170644728e-02,-4.345212184886426687e-02,3.762817696322478395e-02,2.517139709057194391e-02,7.429052436198632647e-02,-6.046047073874283133e-03,9.312373551022249188e-03,-7.551639496434987830e-02,-2.885540432360457833e-02
1.322119175224251535e+02,4.600345257427768786e+00,1.550346788906969753e+00,-1.965820869959961303e+00,-6.914177359716371374e-01,-6.451046851733435172e-01,-8.353351872287728686e-01,-7.085861118919425383e-01,-2.468682785762589815e-01,-5.233086038199801227e-01,8.061789422514890058e-01,-5.568964924833943453e-01,8.287992007649090942e-01,1.413694137912848148e-01,3.944908734941782180e-01,2.221723503320965354e-01,6.805719528419137965e-02,-1.246953159647058162e-01,-2.730496840814535808e-01,-2.226725966249108041e-02,-8.853609131274438326e-02,-5.132622854035033821e-01,1.415034084194143893e-01,1.533402400134066812e-01,2.358251253865298325e-01,1.224768036633271107e-01,1.293185590251645922e-01,2.325663825201485513e-01,-4.335404075701208837e-02,2.692632821959586864e-01,1.216244650645245812e-01,-5.800450872291218474e-02,-5.975909340039220474e-02,1.012751808770570063e-02,-1.191016342514312348e-01,-1.280140973666386295e-01,9.176110365987820428e-02,7.569907136677184178e-02,4.953783694275941396e-02,-4.225050630044517586e-02,-6.235163774299432721e-02,-6.196689728877622511e-02,1.047047528700028630e-02,7.433366495527168882e-02,2.895377573483019079e-02,-1.443219849720090396e-02,3.661384441705585469e-02,-4.506858664770566070e-02,-8.009031333497779181e-02,-4.443929992269183421e-02
1.257300128572829436e+02,3.774572940319154579e+00,5.273810266427168131e-02,-9.554368789939188256e-01,6.104158368851506644e-01,-7.485930640572341366e-01,-1.221064342310280715e+00,6.198974498971032698e-01,-6.421501342317617600e-02,-5.847364216610418941e-01,1.938466551337316574e-02,2.396977922999810606e-01,-3.165074832932038285e-01,4.942611912825480291e-01,2.473684579303912778e-01,-1.302811065287586001e-01,-5.679408811346031705e-02,-3.306264968736690180e-01,-3.025025708523837453e-01,-1.302600713170384839e-01,5.861909199318650343e-02,-1.431438889753368637e-01,1.002156478195738581e-01,1.290490014181852607e-01,-1.607372711146884403e-01,-5.458105875486893473e-03,-3.824258655210884678e-02,1.223485358489534956e-02,1.333784192593049089e-01,-6.129573739402240790e-02,-9.320800336667231512e-02,1.005517353703141853e-01,4.747194618331013194e-02,-1.798710207219613999e-01,-1.411518862277638675e-01,8.269013948500786304e-02,5.561195498593367315e-02,5.356457546031268002e-02,-2.351969664297219251e-02,7.452921008936581881e-02,9.399185384857839179e-03,2.534393798360951716e-02,6.041786249525595877e-03,-6.361745704443518001e-02,1.168014285638016292e-01,5.781361761783150588e-02,-1.603964440568064198e-01,3.667989221262189098e-02,-1.065288961834381411e-02,1.721509855302516198e-02
1.086402770897408061e+02,1.813501979789790441e+00,-2.062604896367568608e-01,3.139868773927294576e+00,-1.559838564326065491e+00,-1.245926345551466585e-01,-8.842999331100613869e-01,-8.056902401405160452e-01,5.694935386509636377e-01,3.643142722201639927e-01,3.453616227610085132e-01,2.309645089278754837e-01,-6.232354242216846529e-01,-7.696275385816263304e-02,-4.528737045411627138e-01,5.374612730751002765e-01,-6.235327035758546632e-01,1.133056964942567441e-01,-1.072843883354842598e-01,4.612339398390711831e-01,-1.413526052387563126e-01,4.966255930221074796e-03,-9.802861744701397984e-02,-1.580589025370943423e-01,3.924565765631764236e-02,-2.581475392610835945e-02,-1.429622096025670031e-01,-1.797272943777305509e-01,1.537328554935975533e-01,-1.494425430819300293e-01,-6.956860496634338642e-02,1.243342048249417992e-01,1.072307005938743368e-01,1.423091142097117623e-01,-3.241857605338140103e-02,-3.006632978670851220e-01,4.749047555982790353e-02,1.554041876522339882e-01,1.388482509728288239e-01,-6.308737819775561695e-02,-2.863337211151879488e-02,2.816786207490857771e-02,-1.116756455452036154e-02,-8.134180125448522980e-02,-2.979792822528388313e-02,-2.003438734333176305e-02,-3.771926515807429159e-02,7.843806112634306438e-02,6.666554289499823649e-02,-8.252109902036565414e-02
8.095699135721413597e+01,-6.481294408885449165e+00,4.520947237238842398e+00,1.078756971219996696e+00,2.318478404391913106e+00,2.596687768978317656e+00,-2.483180727304218904e-01,-6.954942981691639714e-01,-5.056776731921979184e-01,-2.395856802686922582e-01,4.227158451773771475e-01,-4.986726436618524327e-01,-6.124288592030062428e-02,-1.420685950715874779e-01,3.100395950327145544e-01,-1.385347652104757521e-01,3.905455163030420729e-01,1.129183619824235124e-01,6.386312578557208630e-02,6.080775086694985287e-02,2.265336029156078956e-01,-3.056841542295187231e-01,1.431323632042487692e-01,4.154705320864278406e-02,-2.322936714215347725e-02,-8.652930733279393105e-02,7.665868997514391561e-03,-3.332359329887253641e-02,6.354318324764503256e-02,9.452321107316575405e-03,-1.620235850885715090e-01,9.677651620909505370e-02,-1.432214801206082092e-02,1.259261705776456089e-02,8.891349721949343143e-02,-2.085876774272320613e-02,-6.860270706979047783e-02,4.980512333684410098e-02,-4.090015783924787207e-02,-1.039693525450466061e-01,-8.531098282466031968e-02,7.190212390923626795e-02,-6.488531133290079134e-02,-8.646685422693108081e-02,-3.601061622790125046e-03,1.015430336146464461e-02,1.472366517426143551e-02,-2.693355046866944928e-03,1.210113011051400511e-01,-1.129487248716753642e-02
1.246906225642408543e+02,1.699425912690146534e+00,3.681687674397442045e+00,-1.528693637896681334e+00,3.859083056488222807e-01,-2.306377868979618828e+00,-1.221798542776840746e-01,-4.923496087086269846e-01,-5.589785278781038945e-03,-2.727902892991959649e-01,-1.476600872816193899e+00,-6.731477338314358905e-01,-3.119178373496685475e-01,3.690016396808032395e-01,4.846430634608475674e-03,9.826071521311541268e-02,-6.298787364894023466e-02,-8.839821079303492035e-02,5.031769888089965281e-02,1.842357821151796929e-02,-1.271525234356186140e-01,-2.498195260598303213e-01,1.379604080424625401e-01,-2.756510722254711457e-02,2.823626457237224385e-01,-1.065284032183797802e-01,-7.378837024386934729e-02,-2.079502112447030593e-01,9.103737636528361210e-02,-1.813829077016148594e-01,7.195984631011412280e-02,-2.215054171987452525e-01,3.043800069417448156e-02,8.248387637611717671e-02,2.214735501235234535e-02,7.546949701641274266e-02,-1.446549034896074948e-01,-3.419620581485407346e-02,-1.452337820893662423e-01,8.357427779938613865e-04,-5.060229445813606286e-02,2.113921350413857508e-02,6.912709762381778755e-02,5.474557009382095135e-02,3.437420132016640040e-02,-3.631695913235336720e-02,8.972661716846921931e-02,5.029860977144658130e-02,-1.765303893064339505e-02,3.668932095192118693e-03
1.015554691098809599e+02,-1.526283048758519945e+00,5.782763532616632673e+00,1.081617422664314238e-01,1.813806723753026429e+00,-2.170320648743466196e-01,-5.831713734226526835e-01,-3.738682878486748185e-01,-2.971542982869117625e-02,-4.210408943416502625e-01,-2.773922372673085501e-01,-4.491761675807959264e-01,-4.917773480505708283e-01,-4.647827564461247674e-01,3.241090888061337050e-01,-8.564604327123989669e-02,2.471441318456112091e-01,2.336729668586405295e-01,1.080395636676342586e-01,1.321355500620343890e-02,-2.905523796070636489e-01,-2.042629456607363003e-02,-2.042509162425500124e-01,-1.166672583874554248e-01,1.727764535337169075e-02,4.831679861448613666e-02,-8.021753517280513779e-02,1.081741184756808971e-01,1.054334805065487435e-01,8.010914558217611947e-02,2.438430137196326980e-02,5.673042438375371088e-02,1.102085521288807268e-01,1.049514255031405996e-01,9.919674989010514310e-02,6.174391065499769404e-02,1.207220519166223721e-01,-4.715567845880526410e-02,-4.781780425506765991e-02,1.863126987963316036e-02,4.286952467485094509e-02,-4.120270892105963589e-02,-5.099132950800496639e-02,-3.098864281338490484e-02,3.188275477949560621e-02,-6.226979879121605915e-02,-3.855822971593110549e-02,1.295245663127495353e-02,1.871884109314033567e-02,3.189337649265583385e-02
1.086299497947502459e+02,-6.961514653439313527e+00,1.656697027370055864e+00,4.471103231728673855e+00,-1.004268908217662987e-01,1.977346420654724321e-04,9.608485976810522411e-01,-6.483590037599601397e-01,-3.249962890060208442e-01,-1.032444031717980604e+00,-7.044170571790424606e-01,6.330827740310368545e-01,3.116292306172837034e-01,4.349521967522066435e-01,3.525023611139169732e-01,-4.020512507531316393e-01,-1.711342346289401184e-01,-5.157105499834284679e-01,3.475194547965508862e-01,-4.433162506508928069e-02,2.161454362411341923e-01,2.484613536817113499e-01,1.163488019885288993e-01,-2.645965294107064381e-01,6.869456531895665186e-02,2.126176750217185357e-02,1.371892514615463132e-01,-1.397539434417754689e-01,2.146463655019785477e-02,1.221226378703278853e-01,1.818397025298457703e-01,-1.137927035217919103e-01,-1.306021085976045715e-01,2.865104621932064791e-02,-6.230945215882206789e-02,-9.362430226552483081e-02,-2.805182296585381936e-03,6.306490816076903982e-02,6.577882378457694176e-03,7.143139758171351827e-02,9.185516370222612803e-02,-1.003551414429197514e-01,-5.185118187467765765e-04,-7.795175298097203886e-02,4.163950861283682858e-04,-4.858512421190876174e-02,3.356575435614934932e-02,1.381825644638489704e-02,1.557105514634082128e-03,-2.524410606544160579e-02
1.055903797010409306e+02,2.001726109564148981e+00,5.518471856271647269e+00,-3.890818862838307801e-02,-9.855495595501515549e-01,-1.245864895211941548e+00,-1.508643489138136617e+00,2.841104699139264111e-01,1.405747034711150312e-01,4.482063735081037725e-01,-3.058383939116897654e-01,-4.287490918620527336e-01,2.336282447451751842e-01,-1.077599067211097300e-01,-3.151154490350313586e-01,-7.081510463382248433e-02,1.408302633242294599e-01,-1.480734048985498652e-01,2.835658066351586237e-01,4.785997906775934889e-03,3.671941934398036123e-02,1.265727397414522816e-02,2.120838139029697089e-01,1.045352711338700183e-02,1.003982712186371751e-01,1.020399088091449025e-01,-4.353383910836156057e-02,-3.068060413675074288e-02,-2.470168524700710466e-01,1.885732546970166623e-01,-4.645999203918991377e-02,1.204007660603274299e-01,6.237628329179636250e-02,1.684671370492078490e-01,-1.157192255732458069e-02,-9.753346006931160050e-02,-4.542518424346527611e-02,-1.154499068586490873e-01,1.305477604069449904e-01,1.401510950082510663e-02,3.153526296858845390e-02,5.034272199118283719e-02,-7.563714747544061923e-02,-7.774698293634520196e-02,-1.011570921179569538e-01,-2.994804336289124541e-02,2.495212019101632553e-02,6.238903182607977854e-02,3.519290959273382868e-02,4.331095500049680219e-02
1.348944030925645166e+02,3.560617422541906052e+00,-2.530042822474703468e-01,-4.054003031244464428e-02,-9.646680037212056191e-02,-3.174652911565818969e-01,7.252553105466941208e-01,8.712929303151785154e-01,-1.563547277792558532e-01,7.449230690969246282e-01,1.751258954991981587e-01,-1.032717374111677550e-01,-2.047807869791043456e-01,6.476000800298435667e-02,5.963143814496457695e-02,-3.411611410973647979e-02,-2.254701589842763865e-01,-3.244565108488953187e-02,-2.904394817221781500e-01,7.293215593044927170e-02,-1.407873802563967269e-01,1.395149317736886219e-01,-1.383631660317323209e-01,3.426760465963373248e-01,-2.290279509834787786e-01,7.916137517435990062e-03,-8.966589332802128720e-02,1.071582696033805682e-01,5.742038488201013646e-02,1.360214761250762294e-01,1.647331675101349480e-01,9.348569999070203973e-02,2.948049301456163659e-02,4.127046287592334856e-02,-3.655593549239664897e-02,2.382687093635679418e-02,-4.955038117605492509e-02,1.239633274461975770e-01,-9.179566688440561617e-02,6.285857502794089946e-02,-5.876218831891463594e-03,-3.473507942365174073e-02,-5.253055115978048917e-02,2.927622135631804262e-02,-7.376653020072684863e-02,-4.520832523190080471e-02,-5.194967994391976734e-02,9.009387136240927518e-02,-9.451895724545106292e-03,3.886329110275395238e-02
1.214100149875934278e+02,-3.393369509530854256e+00,2.758324361487038967e+00,1.533259701001267739e-01,-1.658569227860000384e+00,4.414967188082574157e-01,2.220973325888744854e-01,1.068433856480951460e+00,-7.929672173364566978e-01,4.503908977409486480e-01,8.251572362062326027e-01,-4.469675974828753451e-01,3.155538546224355700e-01,1.599740840524167818e-01,-3.325673904471078135e-01,-3.174164116921298073e-01,-2.124002293869635127e-01,-4.316794281249619614e-01,1.128100232110788720e-01,1.132482374721355545e-01,1.268753638799619554e-01,1.645596781539921394e-01,-2.752181997343253750e-01,4.163904772371601615e-01,4.885285492887276315e-01,-3.812694518879716776e-01,5.786429006168754968e-02,7.185401454582972247e-02,-3.591970479222315882e-02,-2.605250890253605900e-01,1.602049196658294761e-01,4.448437781382388878e-02,-5.796046962257409702e-02,7.897294281917269232e-02,9.359551709043767431e-02,-7.692679855949423762e-04,-9.357805846430051339e-03,-1.070232088117151117e-03,-6.526345411583774070e-02,4.487223775641561996e-02,-9.110005270407441069e-02,-1.551202525929560802e-02,-4.298309479556390589e-02,-7.772923828054170703e-02,-6.968250603957973355e-02,2.789672414039395115e-02,9.159262680250378208e-03,-6.889059758162727198e-02,1.870753332985176237e-02,3.500910576847772460e-02
1.324398675199230127e+02,-1.973761765798526913e+00,-6.856337137951576954e-01,1.730826472036308461e+00,2.270237886024228047e+00,-1.870961010682205217e+00,2.681914305525843201e+00,4.928008472974191312e-01,1.077717999560086001e-02,4.276854143076750381e-01,-5.012317913772676090e-03,6.955142359048612777e-01,2.560086345872583102e-01,8.642742394880136292e-01,2.309182388808304898e-02,-2.555235289798689635e-01,-1.661984219339615321e-01,3.635011674009518967e-01,-1.015122711521688065e-01,-7.593538203086089289e-02,-2.055671775456996142e-01,-4.363323856334956896e-01,2.843920733996457839e-02,-1.482919921897196125e-01,7.321969270001968400e-02,-4.649014872890135791e-02,-6.062139271137625615e-03,3.292685131740468729e-01,3.298259888743937385e-02,-3.991402462503382265e-02,-1.419578390177384242e-01,-3.596242182899769910e-03,2.618905739893238188e-02,-1.699138854235750923e-02,-1.076676709809729626e-01,9.650640937265823893e-02,3.362475650300499053e-02,-9.198062953213072268e-02,1.350562592545754559e-01,-7.332822549278705977e-03,-8.353805916647310745e-03,3.062302953858001085e-03,-4.443234287583300995e-02,-3.736677944149306013e-02,-6.436183243035961676e-02,-7.715537226894290945e-02,-1.945697887147873530e-03,-3.714169852466637362e-02,4.002497229679990304e-02,-4.867938103010614401e-03
1.080248509672855732e+02,5.497585597544281111e-01,3.015266750702650378e-01,3.663581463318840381e+00,1.226239073364543408e+00,4.181037116523933506e-01,-1.111141519140235179e+00,-3.011882990022501372e-01,5.755302318888105839e-01,-2.396810319882451135e-01,-6.516367268317863060e-01,-3.069210245818580485e-01,3.633151076723296624e-01,-8.091891481299537392e-02,-3.459462272096779367e-01,-4.880201206708300599e-01,8.723871618794427907e-02,4.455775734622271361e-02,-3.516625892171852674e-02,-4.303146505498408603e-01,-5.554599764559516040e-02,1.841514848127693560e-01,-2.689864023656340919e-01,-6.802310460199739728e-02,1.868130521160674129e-01,2.153740730923643376e-01,3.387710760839997282e-02,1.078501752366060051e-01,3.008484686273176223e-01,5.234980820207593005e-02,-1.798492515058951191e-01,2.295600716061566848e-01,1.605787941362730453e-01,-2.101360548208957846e-01,-1.217315474170232587e-01,-2.714157388025828510e-02,-1.239027803277458484e-01,9.536642264584631323e-02,-7.008632395521505187e-02,2.568755022440602498e-02,-7.651291535041408742e-02,-4.948969538037419763e-02,1.039705415100254313e-02,1.092353165364044337e-01,-2.437584496867115091e-02,3.540185630022559676e-02,7.549834973870146737e-02,-1.357316880603327836e-02,-1.732749934814655293e-02,6.764090903213441919e-02
1.217654576490001119e+02,5.441440224161461003e+00,-4.319303098231696003e-01,-5.102077680338926724e-01,-1.712866769230921404e+00,5.461201425850920055e-01,1.319697637917131017e-01,-7.410860536582085656e-01,8.686220176962453632e-01,4.351205870598081060e-01,-5.886366297764918931e-01,-2.390677468965120567e-01,6.634741818494169774e-01,-2.174281055668973173e-01,2.859257244935990011e-02,-2.285862020790432325e-01,-1.438747243294440648e-01,3.165748715585022660e-02,-1.101201679281734770e-02,4.226725016679196839e-02,-4.036254071131932519e-02,-3.524076538984538542e-02,-2.808254489866969794e-01,-1.720236967339489609e-01,-6.974437330355878761e-02,-2.319554895194719246e-01,1.435124638829948784e-01,-4.055214404381359689e-02,7.611448505429918576e-02,-1.477039861074842531e-01,-9.778730204465191367e-02,8.529610680502976161e-02,-1.535148929287550867e-01,2.435326485943801328e-02,3.007848541220328742e-02,4.987796899053962424e-02,-9.428206838311950500e-02,5.269161631858794437e-02,-1.794613310857862479e-02,-1.448254391355245363e-01,1.377330838296906834e-01,1.545758283510337804e-02,-6.112138095918952241e-02,-1.115480283185505267e-01,3.636538719134078251e-02,3.535984087004762771e-02,-4.558821503333528036e-02,-2.062375588575169894e-01,-6.819117598990177831e-02,3.984927166870515930e-02
1.102760588512588811e+02,1.266268290673641772e+00,4.869389700347596772e+00,7.680773724122105239e-01,3.087210781928794834e+00,-7.005926944035548720e-01,6.994680797658767157e-02,1.289614544828800446e-01,-2.629557736464999684e-01,4.401461530631465280e-01,7.249791362516587734e-01,1.089189271854272556e-01,3.889853296226186696e-01,1.062360169262513560e-01,-5.135679279113848361e-01,4.760145382439958661e-01,-3.432263982234076694e-01,-5.321699112689938227e-01,-8.566034271114922327e-02,7.989833822444609990e-02,-1.531137055312108419e-01,6.400538751003453930e-02,-5.873252462139262609e-02,-2.055279015673228682e-01,-1.326562248853784265e-01,1.803130896675511684e-04,-1.465175389061617317e-01,-1.571761703146718203e-01,-2.281065754990724004e-01,-1.486079639887739057e-01,-7.844756056066190530e-02,-2.362816854323805324e-02,1.108169633801728005e-01,-1.513331241868609289e-01,-8.174601046305417229e-02,3.987928772538904681e-02,-7.241957160461644227e-02,-9.707432864190988775e-02,-8.131537050347878090e-03,-1.124519280615312311e-01,7.003710430361992367e-03,1.038695630483507659e-02,5.444483884901936410e-02,2.106092587812566364e-03,9.032016818807246661e-02,3.132666178969982507e-02,4.435288480035150249e-02,-1.819111080742268766e-03,-1.025118989382527018e-01,5.942939179520344284e-02
1.112467655427841180e+02,-3.037433671851283989e+00,1.883229574231421122e+00,3.265083180655943718e+00,-1.772649842964041600e+00,3.449896510901753754e-01,-6.437910481566351262e-01,-5.778426024829710211e-02,-3.482381953842037525e-01,2.626814253727858400e-02,-2.916631877927534644e-01,4.479194189509458357e-01,-1.722373157251038123e-01,-3.486398066632642179e-01,1.635031425561565277e-01,5.669136077337462165e-01,1.796529401144136839e-01,6.084400764847466281e-01,2.425698578410972195e-01,-2.521636878387747971e-01,1.777790436215700154e-01,-4.965065765461849218e-02,7.559443205124097287e-02,1.629677015630049686e-01,1.179832253779648787e-01,-1.283546024774803729e-01,3.497110822326017221e-01,-6.459271667675197184e-03,-1.716535565349756598e-01,-2.832464923714150262e-01,9.633796589637531882e-02,1.371116023267550665e-01,-3.549902946774048662e-02,-2.158114241644717435e-01,-8.264584736786252661e-02,1.331235501946803068e-01,5.107748027154448284e-02,-2.939884287938748786e-02,9.588917146811956616e-02,-4.749116790417107041e-03,-3.196133086925619093e-02,5.111684435276735161e-02,6.415962497160823674e-02,5.605441694072739456e-02,-6.127874913621295105e-02,-5.086150537761513490e-02,-2.608985018992411239e-02,3.019816598087128948e-02,-7.965720767211233178e-02,4.573611763575931299e-02
1.291734876889162535e+02,9.606601385317528052e-01,-8.621290156931060711e-01,2.081801084667804225e-01,2.131882929754113754e+00,-1.165768041756698681e+00,-1.150990176357629124e-01,3.922435581434522978e-01,1.125532823106803360e+00,-6.036813293658409574e-01,2.210160058260097204e-01,1.284187189490374470e+00,1.950273698115950194e-01,-7.471154592488602475e-01,4.409355826736250858e-03,-2.138903254719962399e-01,6.927428009747974014e-02,-1.240762831149853085e-01,-1.623973159806830213e-01,1.190623896236609608e-01,9.377422193864035083e-02,1.782037150880819154e-01,8.027172056381752518e-02,1.226123955337651561e-01,-2.688974276897989485e-02,-2.611742169270149239e-01,2.345233197331241526e-01,-9.087055921795154922e-02,6.500682345579955612e-02,3.394672424523199200e-02,3.403814687947271933e-01,1.367987962169017191e-01,8.392938713474029644e-02,6.883420482852400935e-02,-6.038093828043400793e-03,-7.533109894770429263e-03,2.119840076215825930e-02,-8.618012262523762346e-02,4.486784181830338718e-03,-5.935886053175702670e-02,-5.564703065689451111e-02,9.957355315846103810e-03,3.720263560818910797e-02,4.031761738501162678e-02,-2.370373284440905823e-02,6.956791035943055319e-03,2.846061101941563948e-02,-1.177873526938786330e-01,9.364547343942816737e-02,-3.867685471744099126e-03
1.357519193576079601e+02,4.941761649256564581e+00,-1.297350836010340881e-02,-1.478979735612047319e+00,6.880373949393202571e-01,-2.828598127904066728e-01,1.757396171835964027e-01,-9.593356866296394447e-02,2.557798380792094539e-01,5.398609462828574124e-01,7.319478100663363573e-01,2.892216581845557521e-01,5.195160510259491105e-01,4.264144711219944317e-01,-1.550307603071975626e-01,-4.841167742568858179e-02,8.191561691191717731e-01,2.675707795054970140e-01,2.909978215828656345e-01,-1.572748033640511134e-01,-1.159039684730265724e-01,3.366062387700368697e-01,6.975460439764849530e-02,-2.860633678403335864e-02,-1.017816258567631332e-01,1.306292353197075762e-01,-2.334270455626387408e-02,-3.519830430054123049e-02,-4.809062717662176967e-02,-1.472138399391016150e-01,-3.358962961312415840e-02,-5.791716236732558087e-02,1.087774086320070499e-01,-2.183779833169870177e-02,1.462206032878518580e-01,1.044172085556547072e-02,-3.379860383712328387e-02,2.665246288083222281e-01,1.133832839478604235e-02,1.662611151810685153e-02,-2.321702553727052892e-02,3.211988766876346796e-02,2.516635257208436546e-02,-4.086458192959187274e-02,2.331842123586074650e-02,4.551664698506709822e-02,2.626118421279720686e-02,6.344164568789653624e-02,1.031163557805044179e-01,3.036776182689347042e-02
1.669662265136470012e+02,-1.324602538195212675e+00,-6.894094743695569960e+00,-1.164306034502597509e+00,-7.633341671967405762e-02,1.700365718361287026e+00,-4.401647037193332501e-01,-3.149124577639492162e-02,2.731888315870779627e-01,-4.020500908196980028e-01,-2.237656187831552346e-01,-1.111666644105881174e-02,-3.003561249466839000e-01,1.517906984173408858e-01,4.569062361197241406e-01,-3.509608689836119511e-01,-1.563863983091683812e-02,2.150761822425522884e-01,3.589253702117896350e-02,3.917231087075362383e-01,-1.363742137883708627e-01,-1.437589712944331577e-02,-2.000007786894083817e-01,1.650161432429423647e-01,2.499923161826802520e-01,-2.192013715123732887e-01,-4.607022552906951951e-01,-1.098395994113582630e-01,-2.484939681833949199e-01,2.090829978074198459e-01,-1.368713094768750360e-01,-1.904665507108506683e-01,6.662986451715122160e-02,-1.347757056139843312e-01,-1.048956881477912384e-01,7.937948075344039567e-02,3.430090593856143649e-02,3.533349834129993067e-02,8.400200921052128344e-02,-5.435496650582384570e-02,2.345652625501612465e-02,2.147787176790875302e-02,6.708067396068644050e-02,-1.921232596852622335e-02,-4.178825579758206621e-02,6.493811437812091469e-02,5.583986762781427415e-04,-1.293934212743248768e-02,-7.646845758441948859e-02,5.474225255538371637e-02
1.261933837206971987e+02,7.222863214403006937e-01,4.103786909539810956e+00,9.676334274406923897e-02,-5.903501130308692613e-01,-1.323118866362787305e+00,1.074153859825827784e+00,-2.983481441270229191e-03,1.274670731160146009e-01,-4.494847534799711886e-02,-4.393528288348265143e-01,2.417521588822579837e-02,3.943832153807522861e-02,-6.224529487045045439e-02,1.207667437301573055e-01,4.425682129114550944e-01,4.034925206649173646e-01,-2.865461787967327201e-01,1.609592088760706807e-01,3.856545096899469810e-02,-4.829583396650508065e-02,-1.491925704974353117e-01,-1.963253254688441737e-02,-1.042074223691405177e-01,1.042525692781106628e-01,-1.711917208727075090e-01,-1.018885184460004839e-01,-1.831207709288524277e-01,-1.031830635199088367e-02,9.474444785704111416e-02,1.903893368101217121e-02,2.584268524217044755e-02,-1.442659717211065319e-02,7.196879249983083315e-02,1.502375976365297183e-01,4.052250179129129187e-02,9.335620907814004554e-02,2.058975262563831482e-02,1.564734132266133726e-01,-1.254258023331475055e-02,7.238897913939079665e-02,1.017574257692813317e-01,7.456444109111351470e-02,-6.979924708511194009e-02,2.337213087910719120e-02,3.264919207949897734e-02,-3.369939482744580689e-02,1.128141938028062868e-01,7.199676146133679455e-02,2.963494878161775439e-02
9.058941916460723576e+01,5.866083600706497592e+00,-3.178563971689022161e+00,4.213682571072885352e+00,2.106302536482078214e+00,4.638116132047064855e-01,-1.166656745791650601e-01,-4.490500723081523593e-01,-1.390462210673950628e-02,1.394019575377943410e+00,-1.810778802843999724e-01,-4.344867321961406459e-01,-5.760519273224995115e-03,-1.745650897551029312e-01,4.249010122164646464e-01,-1.770617980926974047e-02,9.243810171427886690e-02,-1.318361039911931099e-01,-1.911353861591357783e-01,-3.023558682319450394e-02,1.199785591385069267e-01,1.263467956835272743e-01,1.632471169118109855e-01,-1.216009499752344555e-02,1.904504862445360880e-01,3.113892726653914034e-01,8.285525257334211413e-02,1.725956554198001536e-01,-8.488511597233124040e-02,-1.196325365566177669e-02,-6.844266029682817554e-02,-4.748045950884125649e-02,-1.050531792929039615e-01,1.275232123594305655e-01,-2.448453749251272571e-02,-8.694051671516694196e-03,-3.677747486140800666e-03,-9.708340580506269468e-02,-1.735582270959231538e-02,-4.353979744830152598e-02,2.010385400255080418e-02,4.966001379904050328e-02,-8.216526474028888749e-02,-3.621804673575709094e-02,3.096640214068031513e-02,-1.038430286634860287e-03,-3.287695703916049348e-03,3.311583476736029708e-02,-3.402905013997001987e-02,-9.927740999132320110e-02
1.363156460624599333e+02,-4.304369961355855700e+00,2.476891573180946438e+00,-8.863068341222894997e-01,-6.609640309154616311e-01,-1.410745710935965569e+00,1.424015347297208578e+00,-8.591854131123494165e-01,-6.165971289953167123e-01,4.816599133846730107e-01,1.267317707549069361e-01,-1.188531319121580498e+00,-1.451942326381139847e-01,-3.289866114104239569e-01,-5.251644274273331234e-03,-1.037738069667894364e-01,-3.604431002323135735e-01,4.584440293325738880e-01,1.491307929131206189e-01,-2.908368422337475126e-02,1.214568171134293439e-01,5.250087233464444392e-01,-2.255926641761226911e-02,-1.249922880160877908e-01,-2.048947768791851698e-01,1.111829457878501723e-02,3.301552565618960655e-02,1.245012549566916898e-01,1.247227444803387930e-01,-3.803814391715375220e-02,8.342641117884300184e-02,-2.579514192353287577e-02,6.895757254375975420e-02,-1.290568617626953740e-01,-1.680278500103958919e-02,-2.536954887253331514e-02,1.241778972350322530e-01,9.147123083712176139e-02,-6.494371801578793443e-03,-1.767087616749064144e-02,5.712117907602344558e-02,-1.821975981679049145e-02,3.674700608663689083e-02,-1.488044560137887808e-02,-3.980167300023418342e-02,8.271033978344019544e-02,-3.523165172907442161e-02,-3.801717332667196858e-02,-8.822263737788857418e-02,-3.248953337912881961e-02
1.373441190778760017e+02,-3.058802966588707761e+00,4.011779243776874004e+00,-1.201711466146774487e+00,-3.520740572166893401e+00,5.788415920785838775e-01,7.994156638014957572e-01,-1.956718426469738481e-01,4.480177351406401387e-01,2.866388515318661345e-01,2.052803257707233320e-01,1.333359901111954571e-01,-9.335528990158954710e-02,4.979295847474149994e-01,5.236096689977828150e-02,-1.889931061939162729e-02,2.712510111452067774e-01,-1.075049535702956999e-01,3.298296860424816679e-02,1.304409235408693635e-01,-4.623567689945004555e-02,3.542946928625559377e-02,3.401423637185176096e-02,1.479420040873212772e-01,-6.997443392334132262e-02,2.263497466351829801e-01,1.961299340376146220e-03,-6.374372406751308007e-02,-3.890720628496940892e-02,1.164146719722198436e-01,-1.090335114706922209e-01,2.088935561876968661e-01,-3.707289245721227811e-02,-5.961339900981107304e-02,-3.697607681472026703e-02,1.652094970344541169e-01,7.845891351808920167e-02,-6.502791768805570027e-02,4.076762608266494559e-02,4.186810676301198908e-02,1.671931889006874478e-02,5.973301831095349790e-02,9.552863106342403612e-03,7.770740446288290637e-02,-1.860690028258725481e-02,9.730484528605201633e-02,-1.719802225302863308e-02,-5.381698137998330855e-02,-2.069404473792535795e-02,-1.222269686141483069e-01
9.719395983415950013e+01,-4.554367784177356882e+00,3.149219814195117984e+00,1.945595116527163437e+00,-1.247370791076084506e+00,-4.756632314423737684e-01,-1.248026750065412305e+00,6.849080194713791370e-01,-6.530555186436725057e-01,1.492322878858771684e-01,-2.251277291502458699e-01,1.455933263788068144e-01,8.201556141830920743e-02,-2.406052290526478343e-01,-3.774233738525792359e-01,-3.482158206574397230e-01,2.563079340303296982e-01,1.015399963922671567e-01,-1.602354748251915706e-01,9.685405290882498353e-02,-4.029618491598704888e-01,-4.683364223645726521e-02,-1.423539758768263899e-02,1.356998181644279156e-01,-2.603348118450189430e-01,-1.672810301694370450e-01,-1.783689719773829535e-02,9.496332506442137222e-02,-5.165832972826490954e-02,-7.047664650907630238e-03,-9.058369606991660550e-02,-2.128119655778228370e-01,-1.801772285382232941e-01,-5.958664322606800623e-02,1.596794803500400373e-01,-6.589499941366090685e-02,-1.593233026096704114e-02,-7.907142464910230095e-02,7.678207611421942851e-03,5.678992640530478031e-02,8.218220291846088654e-02,-4.853036687167605612e-02,1.812669698530986612e-02,3.011222775233940441e-02,1.090491569013048584e-01,-2.955426231442822432e-02,2.080720447017735814e-02,3.622542581407661895e-03,-4.650958542833220910e-02,-2.797636292926969359e-02
1.163866959076883205e+02,-1.618218929988967547e+00,2.490242945599427493e+00,2.146008706251257170e+00,-2.115636228537099761e+00,9.541930246321653764e-01,1.275338580488107443e+00,-2.379498674467743838e-02,1.319306901699892620e+00,-9.513857883607063082e-01,-9.399973425732592591e-02,-5.320951435931359219e-01,-1.046359881595925634e+00,-3.475922269519433200e-02,-1.653504051859110979e-01,-2.462141463486653969e-01,-1.082749342498683792e-01,-7.034612208270386580e-01,-2.409314777223037218e-01,-1.822109179313793070e-01,-7.784450006496851718e-03,3.418882605119229201e-02,1.806722177391154732e-02,2.363710405719660346e-01,-2.313540384481448942e-01,1.557492559514217778e-01,3.910041866637117836e-02,1.835266326485389676e-01,-1.044514757306735410e-02,3.231668518326755255e-03,-2.082994039414057426e-03,-6.476518407785000764e-02,-3.710550189163502963e-03,-4.130178966118455003e-02,1.865177745224380623e-02,5.921200075012672884e-03,-3.564215736724642147e-02,3.649982747892613257e-03,-4.843605878376162910e-02,-1.900730789400889575e-02,-1.963502924818383115e-03,-3.155816812858668746e-02,5.165427946744808457e-02,1.186406183788696334e-02,9.399558147292438881e-02,3.498342375073894978e-02,2.011719923183175225e-03,-1.434454276640264106e-02,5.285724910273179727e-02,4.413424861679312097e-03
1.374012748485005488e+02,3.901770868910242829e+00,-1.974034578337406698e+00,-6.853177733182189701e-01,1.932207493681313837e+00,1.782271403370246698e+00,9.275111684500452203e-01,3.069946391508141526e-01,3.289557849193915778e-02,-3.205884588853885053e-01,-5.006470784235486082e-01,8.963679535604147930e-02,-2.195464481630847453e-01,-3.970024931517289746e-01,-4.823713147469836926e-01,1.846032179324075262e-01,-3.153172157871804160e-01,1.567798348647607976e-01,4.398139171269872527e-01,1.701603592782569285e-01,-4.705979173494752033e-01,-9.586919041447909684e-02,3.799616371231486628e-02,1.707368651192719688e-01,-1.723037457866176403e-01,7.558686104713588372e-02,1.870224626222362074e-01,1.429430062117219569e-01,-1.621300556176846069e-02,1.376811306260661283e-01,5.079847652074496317e-02,2.154609739073247519e-03,-1.481971008928500422e-01,-1.597032504196708169e-01,1.025856231401085922e-01,-4.617576274209701792e-02,1.230217536356266600e-01,-6.424233178162003233e-02,3.580513418546796972e-02,-4.132215655967921147e-02,-1.267257211004781392e-01,7.492950931997337249e-02,-1.956707558891271001e-02,3.878981866439002585e-02,2.094221084340682631e-02,-3.408786146067625811e-02,-4.639344157474634828e-02,6.565361187345072902e-02,-4.050003639550037171e-02,-2.827610797244811680e-02
1.430733868805816371e+02,-2.025206891875339643e+00,-1.895797816512804435e+00,-1.398626698407616775e+00,2.362592458836336284e+00,-1.816058064484507240e+00,-1.163519991017802457e+00,-2.028307138336013504e-01,-4.140227826530317179e-01,-5.411300604037667661e-01,-2.595959055510246860e-01,3.810062856913147833e-01,-2.316979187268735640e-01,2.846912796712587970e-02,1.611819669112329600e-01,1.001353596005885721e-01,5.258266889275962225e-02,6.977774591683205685e-02,-6.751684474485167287e-02,-2.702805565257532933e-02,2.322343684800979857e-01,6.107503668027852717e-02,-6.831492030494612511e-02,1.444478495682752217e-01,6.699960311921311640e-02,8.219587811717730952e-02,8.340373079781908394e-02,7.407092450036063813e-02,7.401200189274838304e-02,1.155624643308710009e-02,8.990315602743081599e-03,-8.868545966630721200e-02,5.008020213688448713e-02,-2.377574346255237892e-01,3.732698173160294008e-02,-3.269394067470227788e-02,2.610244425147432296e-02,7.997905174534108985e-03,-8.900180902650049047e-03,8.538508174552850161e-02,1.231080621626733096e-01,4.375549649856659562e-02,-8.221865255591713495e-02,-6.490330311550608633e-02,-3.750266586445001604e-02,-1.353043423982970041e-02,9.698489335671248157e-02,-1.142357280242448370e-01,8.346136473699850705e-03,-1.360562119969969397e-01
1.509110859068569539e+02,-1.034674593040662671e+00,-6.178567424755634363e+00,-1.472683550325247115e+00,-1.397832621635131334e+00,-1.713045613848020121e+00,-8.060707219111433730e-01,7.550488401658768112e-01,2.099308892586039532e-01,4.007593055504443669e-01,-2.139749950801880102e-02,-7.538933983098032865e-01,-3.927827913186978520e-02,2.486020811450100343e-01,2.741545181040731527e-01,-3.813260395616265841e-01,2.383698788161777576e-02,-2.376244742594880305e-02,2.129339348448770208e-01,4.480656379040600656e-01,2.366515637755194634e-01,-1.539903148340777683e-01,1.299444239049520333e-01,-9.703973266381708818e-02,-2.945760391529441136e-01,1.291095602193915726e-01,1.317018845396667436e-02,9.649340672680559172e-02,2.205707849636237283e-01,-4.262322335300729181e-02,8.012866002932532428e-02,1.306621032862626541e-01,-6.262436715828911815e-02,-4.262286330437398824e-02,-2.013154480288103371e-02,1.627330802357463552e-02,-1.491361458644687998e-01,-4.220481392217568378e-02,1.009217676097649008e-01,-1.176839292594520636e-01,-7.521171890769953738e-02,-3.419244988657878237e-02,5.068975867049572981e-02,1.367649027423098983e-02,-2.725686591169483239e-02,-6.050692353353489400e-02,-3.133018222488867521e-02,4.902603512008836539e-02,1.113556342473982913e-01,8.501190129401123285e-02
9.906306778647336841e+01,-6.213302379233519801e+00,-3.797653909063019029e-01,2.500233925772016974e+00,-1.734527008337072074e+00,1.375519350188936007e+00,-2.778554333249756425e-01,-9.357760011610104234e-02,-1.834011935605660837e-01,2.735048259309925123e-01,5.611394473772868263e-01,-2.692927818336421919e-01,5.879855066657422302e-01,5.870111617343363175e-01,-2.065044650050756603e-01,8.123256988681573643e-02,8.536265119301378324e-02,3.281448663550557976e-01,-2.529387677415809721e-01,-2.589529634761700838e-01,3.011902832224513243e-02,-2.312735464066502933e-01,-5.150505389138730628e-02,-1.324069392693621450e-01,-1.427122629471576365e-01,1.070325660495822645e-01,-7.149516111986102540e-02,-2.261231967718821401e-01,-6.740852272224001629e-02,9.920632804714249464e-02,2.901290917181425510e-01,-1.234246793636236683e-01,9.341594083002688342e-02,-9.538974489735581319e-02,-4.550341834527587420e-02,-3.503746075802059712e-02,-8.386177742356060172e-05,-6.185002989588739286e-02,1.192746183313793916e-02,8.834260444605093743e-02,-1.232488305199049179e-02,1.243540431085829595e-01,-4.143732953838486291e-03,1.014766595502325855e-02,8.107945817321401960e-02,1.044113822419759884e-02,-6.345989548938707481e-02,-2.915384158636207326e-02,1.161846940434384245e-02,2.265065351645790398e-02
1.413615352672315453e+02,5.443415347456561637e-01,-7.383336299809822201e+00,-1.793245693781209127e+00,1.805067509688121685e+00,2.263603988391746480e+00,-1.002845278539968188e+00,-1.492687641270940002e+00,-1.513250841471255881e-01,-3.948622090193761036e-02,-5.725277663775741877e-01,-2.566250356410638145e-01,-2.415894021938748415e-01,8.417940095497072894e-01,-8.998187311527082732e-01,3.928630049620715492e-01,1.463031907590250369e-01,-2.458874500738263968e-01,-1.586837542128627931e-01,-1.315856479764809239e-01,-5.023041000138044054e-02,1.883597620623229107e-01,1.957044351625859269e-01,-7.313083362948161192e-02,-3.001718525096860185e-02,-2.788617295130041973e-01,9.736301596973835626e-02,1.650752735345199507e-01,-3.869422306189231747e-02,-3.396281158821675555e-02,1.740459837557436218e-01,2.824337130235344759e-02,1.121899917273016800e-01,2.262968336028632899e-01,6.171882510289070783e-02,5.089404701669193731e-02,2.340169523291767487e-02,-8.821404484713200878e-02,1.739307266943025676e-02,6.018780008535906667e-02,7.340873879587540840e-02,-9.773354443094988808e-04,7.094650299303865981e-02,3.893280791603719732e-02,-1.504187848938718930e-01,2.726660320003841328e-02,-7.216814369345002367e-02,2.393701123675501252e-02,-2.063671084452780267e-03,2.684065399053938220e-02
1.588856843498215881e+02,-3.712080902214146327e+00,-8.963891454499957945e+00,-1.263279651295232675e-01,-6.378552064505029762e-01,-3.905507828072920518e-01,-3.802814566992301915e-01,9.764491875364889051e-01,-6.786111279765946191e-01,-2.033583150460435418e-01,5.699550511557436305e-01,2.984589796106854598e-01,-2.647943392580139332e-01,-1.663754635142455363e-01,-1.076071372086637029e-01,-3.951254476493819556e-01,-7.965017524896264578e-02,-1.478701786477766844e-01,3.104693283733669373e-01,-5.720867226939537753e-01,-1.715668155626609293e-01,-9.473527877720461232e-02,2.157451343589605777e-04,-2.318828838467988374e-01,1.785375515355309972e-01,1.538312014720273346e-01,-2.035168790540075601e-01,-2.617452920655344850e-01,9.250498699789932999e-02,-2.634916451448899855e-01,-1.005734391683523465e-01,3.490770941760456408e-02,-1.350717033378253940e-01,2.214334622400237207e-01,4.944329225582476221e-03,-4.724538966539518908e-02,1.094666937244952870e-01,-2.025242540149025175e-02,-1.377549272579862150e-01,-8.243869768230359385e-02,1.150075691923108517e-01,1.242227985633756991e-02,-8.310712706243752329e-03,4.404060405882327667e-02,9.402763270612861379e-02,1.317834658898073795e-02,7.385468813517093601e-04,1.791996107103113051e-02,-2.494496823201705973e-02,1.385995143029802520e-02
1.333765456892890029e+02,2.802023484280112164e+00,-1.763778246988214615e+00,-2.413976582303608787e+00,3.662851164729844511e-01,-3.759303424180197584e-01,3.118277486712791036e-01,-1.788168434505442717e+00,-1.383383187199538900e-01,6.002469781519710335e-01,5.565538397346440069e-01,2.663928769866896751e-01,5.352450014868719019e-02,-4.113669690025368864e-01,2.285890873393642830e-01,-1.822321767128317893e-01,-7.729880004838780849e-02,-4.598831043966518373e-02,-2.901364731834830263e-02,-3.032211411282943470e-01,1.537987206709238441e-01,-2.012606854767863829e-01,-8.382614954377293204e-02,1.201726924811623645e-02,-8.855790395924505176e-02,-1.894533982149341766e-01,4.854484671112886673e-02,-1.320240069278872941e-01,-2.022538988969733997e-01,2.264445734868193380e-02,-7.021262134439933134e-02,1.694252596438246550e-01,-1.087320088389318595e-01,-1.333609768835391785e-01,-2.477212605300060846e-03,-2.360627624706776173e-01,-1.362526972238178825e-03,-1.509899139362348985e-01,-4.992441930572882186e-02,2.082777622065513923e-02,-2.044940806591994016e-03,-1.920579734285092210e-01,8.313498064652100061e-02,2.510709789437823129e-03,3.667813492823772392e-02,6.313728662914516732e-02,4.159385957323105676e-02,5.802641401687357037e-02,5.667596502989219465e-02,3.991105576763893936e-02
1.037354695551094466e+02,5.049125922532434529e+00,-2.973877623767112066e+00,3.557335357715998292e+00,-6.491030627503016071e-01,-1.207113361135869312e+00,-1.227851679861764911e+00,-1.858611675460148660e-01,-1.426108827678624312e-02,1.183367280739673760e-01,3.694932708899315577e-01,1.288968169998766788e-01,-4.811915124760644535e-01,1.793066486329039644e-01,9.420193923346881215e-01,4.966465988146351873e-01,-1.912237883156506502e-01,1.189148083402621625e-01,-3.465203759448930443e-01,-6.228816815712985566e-02,-7.865352656858514563e-03,7.664019937711570585e-02,-2.535203809473619563e-01,-1.852502118095609718e-01,-1.337396936965842310e-02,-8.276470725167460463e-02,8.614275901420218040e-02,3.490965883952846377e-02,3.512955799728240819e-02,8.941752241540948387e-02,-6.186541438254286422e-03,-6.674607042896282816e-02,-1.028045114692497791e-01,3.689109047591809104e-02,2.553962865273047833e-01,1.407000001010330625e-01,9.780668974734534060e-02,3.612212766622295568e-02,7.153482020500453835e-03,9.983909664651288707e-02,-1.170279764950783452e-01,4.638261059600871927e-02,-2.207187206922251940e-02,1.153291271333660439e-02,-1.813914800656631424e-02,-1.715949579401679706e-02,4.363879805781829824e-02,-3.810985710632851936e-02,1.902566132726546400e-02,3.669455393886734279e-02
1.602313289438000083e+02,8.646566385432823409e-01,4.398345810436555814e-01,-2.993846103057006935e+00,-3.253066248366443425e+00,1.939280121062424200e+00,8.865501220664254722e-01,5.291133604796333101e-01,5.880458261692082106e-02,2.732938538849721821e-01,-4.021644085447535488e-01,6.074759265344915615e-01,4.696613071266425576e-02,-7.645238475470190753e-01,3.618405890920250445e-01,5.176560471182585221e-01,-1.007848071891101760e-01,-1.767496804241533437e-01,-2.087204313110259044e-02,-2.843043347758363870e-01,3.649354878140791125e-02,9.986151624887577849e-02,2.297386639611626313e-01,-4.463332559382357512e-01,6.965265057790866188e-02,-8.322212123635792935e-02,-7.249286036372247499e-02,3.044961613136442091e-01,8.274402272252534898e-03,-6.687695629317905177e-02,-1.209000382918307553e-01,-2.720435715451378078e-01,2.229813608440656125e-01,-1.344146085634929377e-01,-1.602092145531126138e-02,-3.658241753131042523e-02,-6.113570153832644655e-02,-7.594086583788892120e-02,-8.039692970979225167e-03,3.047339532402073420e-02,-2.095860090896252935e-03,-7.553178884443285945e-02,-3.282338285586194199e-02,1.804613766931166888e-02,-2.843970516635532103e-02,-5.586216432532840892e-02,4.762378676607461475e-02,1.935102634564344129e-02,1.010682535829847684e-01,1.674388578090889659e-02
1.194891540619618837e+02,-6.994178310706322677e-02,4.571964380418953589e+00,-2.579727810141765332e+00,1.403868936440316184e-01,1.022784785455762346e+00,-2.705004826198864620e-01,-1.883158552099481464e-01,-1.164740677706468386e+00,-4.866626117273642471e-02,-3.574057194047075559e-01,5.859606529360521510e-01,1.173811227779542055e-01,5.208058411780559505e-01,-5.819139129311503428e-02,2.791856095059255805e-01,-4.934991644246188303e-01,1.334795495110323305e-01,1.594123821563766530e-01,1.347629789853923010e-01,3.134339922431439995e-01,2.294292266581087480e-01,1.481845736852527816e-02,8.899774467891738428e-03,-3.099896632072282610e-01,2.023104647802031197e-01,2.286632234599198996e-02,-1.068611240187754274e-01,2.284154279526019182e-01,2.187536662660192754e-01,-1.121645904115128600e-01,-6.917103233586334443e-02,-2.390006695450751228e-01,7.810452658108560375e-02,-1.030696228849850848e-01,-1.232209353739329230e-02,6.655399375204975806e-03,-5.022665871932004145e-02,-6.829902544596463954e-02,4.534122810142456050e-02,-8.604674546640664334e-02,1.023185525976692302e-02,7.602825385522112012e-02,1.914969787046720551e-02,2.723408978633523603e-02,-1.878901520659431723e-02,2.777700444400012930e-02,-5.322998099376833464e-02,2.287362044709477168e-02,-2.519467216958215343e-03
1.372946683867239699e+02,-1.631425793713210171e+00,-2.316748594306811349e+00,-1.346574306666632470e-01,1.558346882020473112e+00,9.797764425089841023e-01,1.251664376809970891e+00,-5.386656822218515162e-01,1.441546975412926201e-01,6.734662687373342560e-02,-1.691661282186782134e-01,-1.662310267240265094e-01,1.443960545483521929e-01,-6.039784421625993271e-01,2.996492471496375876e-01,-2.297841614775912866e-01,4.317620747038222045e-02,5.468957005615888989e-02,8.275527053676585976e-02,5.009696696819768702e-01,1.138814392601276565e-01,-1.140383280095345342e-01,1.274365466893371546e-01,1.166985207764258820e-01,-1.906040417582682278e-01,9.648544196807615214e-02,5.373639615867567380e-03,-3.650559418974544945e-01,-1.649358355311384416e-01,-2.120549211045007210e-01,-6.378943718294535770e-02,-4.260327563179439753e-02,3.202899862257058139e-02,1.138309415203798414e-01,-8.636822569581356634e-02,4.141475715054028506e-02,-8.538529546718247321e-02,1.825708788533296212e-01,1.666480825846773303e-02,8.812980790900423744e-02,-1.046827868231302167e-01,6.457369522580080901e-03,-1.437562121722317232e-01,6.903232710060634714e-02,2.365799523031199628e-02,-4.301385893761856122e-02,-4.774894322161704445e-03,-5.492494092533774241e-02,-7.265341747031062170e-02,-2.933376478650989716e-02
1.227995711767151477e+02,5.543156974007063198e+00,4.075508115908307083e+00,-9.083830183313610362e-01,9.980607311644753565e-01,-6.914340986989194748e-01,-4.943949825697817602e-01,-2.372004484497331617e-02,5.763341883129278337e-02,-7.851975757451221671e-01,5.774657865485161023e-01,-1.697969407099955697e-01,-3.546831582687849649e-02,-2.090065355586257778e-01,-3.104234856140167809e-01,-1.516264739591394461e-01,-2.942497618289861144e-02,2.290726852657136714e-01,1.752708250917137389e-01,-2.310924355528908014e-01,2.874163889956422580e-01,9.608338466339352846e-02,-1.220627770406968599e-01,2.059687182925056259e-01,-8.723923343830431104e-04,1.136651845259145921e-01,-2.665848214871669591e-02,2.453894644422337928e-02,-1.524994979938164297e-01,4.707118340782719818e-02,-4.829320039672656967e-02,-1.110033961896786658e-01,1.034063599014016163e-02,1.525162859195363096e-01,4.325834532686480272e-02,1.496075634784891917e-01,-3.757187731255472174e-02,-1.644007936261868141e-02,-4.306122714396985740e-02,-9.384559022189617114e-03,1.203381786764591566e-02,-5.616108967442724753e-02,-3.544183161072103627e-02,-1.228182851082540439e-02,-1.940088672302547543e-02,-1.997533579122742764e-02,-5.481376123446304871e-03,1.251587620518673227e-01,-1.667688417645668553e-02,-1.278980464951949558e-02
