7.609239211724935892e+00,3.513217611238668714e-01,2.771141871584086869e-01,2.633027609234043220e-01,-1.403255957141484600e-01,-8.889506792877190089e-02,-8.639521813071353307e-02,9.753251363136047902e-02,-1.057539380117066691e-01,-9.640487155592640522e-02,-1.723051075811884714e-01,6.015969768419324876e-02,3.530044592239753309e-03,-7.445951149217233667e-02,-1.040218913558449698e-01,4.318577082899395514e-02,-9.893218807130667314e-02,1.689648492854694400e-02,-7.687905042435935754e-02,1.520167003658712225e-03,-4.635142227304275830e-02,3.722951516871010613e-02,-7.044347207696732838e-02,2.058070949285918938e-01,4.185023953097800203e-02,-1.359673835443750700e-01,-5.506362523223035316e-04,-3.494233994386593267e-02,-2.355253960771896277e-02,-3.988338031872105949e-02,-1.020091517427276911e-01,-1.276642597158830772e-01,5.240239101208762212e-02,-1.004010261809342025e-01,1.332450353070148696e-01,1.095938159972991988e-01,-2.443995003647588329e-02,2.497818759520278875e-02,-5.400664912449745433e-03,-3.935535419604778429e-02,3.275921656805353549e-02,-3.482204165628784848e-02,-4.237043969536272853e-02,-5.532723417004048461e-02,1.753883612402521580e-02,-2.964704427241679398e-03,3.648961615114736101e-02,6.305276722605904216e-02,1.587742962677851557e-03,-1.695069889779355146e-02
6.863642420810575295e+00,-4.294139326135437869e-03,-3.591622368019402600e-01,-1.452978589647207774e-01,1.586304587206955330e-01,-5.686121490283266994e-02,-2.823454470792877702e-01,-3.844363774644666831e-01,2.125789130654741690e-02,-8.915985631195097461e-03,6.458307073576836921e-02,1.168578498585104153e-01,-2.172349800931061559e-01,-1.268371245775914147e-01,-8.927916043872709262e-02,1.457829132983940179e-01,-9.942160970300654987e-02,1.122067161809144065e-01,7.858589119302872295e-02,-2.886048294074403803e-02,-2.507036947567812396e-02,-1.249832088670828067e-01,-4.957520340315983015e-02,-6.631960758756824670e-02,-3.491114879204754162e-02,6.129048905262429910e-03,5.931381431788600167e-02,-7.714120428892964898e-02,6.715594553560244595e-02,4.940138028040551299e-02,5.669564616214557706e-02,-5.874638934188083222e-02,3.935258090736862280e-02,-3.374595957544672398e-02,8.412637261201863503e-02,-1.447783235660859112e-02,-1.856069506863619045e-01,-7.594424549048224560e-02,-2.645881153093563448e-02,-1.270670759464815301e-02,-2.668849469158110412e-03,-2.709444321026385685e-03,1.468844857844800369e-03,-8.981036659030935260e-03,3.397488573236787188e-03,6.871864801683636240e-03,-3.788005475949633716e-02,1.695286930858477814e-03,-9.648258761296391040e-02,4.031061127597841687e-02
7.416839061722905413e+00,2.865625345873709096e-01,1.206034267529178666e-01,5.216892814565647629e-02,1.475783115832524171e-03,5.995305940418067456e-03,2.963922989581547762e-01,1.348256859561798304e-01,4.640255248680934252e-02,1.231564212013495831e-03,8.404748580110898981e-02,-5.436345920797414077e-02,3.568773685946650953e-02,1.056940375369073114e-02,3.765109931622617756e-02,-1.140084245123906825e-03,-1.295574750517801133e-01,5.875249048206930558e-02,4.423347432814365293e-02,8.700737200340898092e-02,1.363880086627878019e-01,7.372153716967842774e-02,-5.218824968948294896e-02,-1.617582075689082688e-01,-6.275723761378020071e-02,-3.589647878796090041e-02,-7.908547135808527417e-02,-4.999645847160667789e-02,6.097473603296590244e-02,-1.021184776765654972e-01,-3.792343255942942637e-02,3.180752411928269158e-02,8.617659733949488421e-02,1.272123741664751839e-01,-2.413818484403031095e-02,-3.462852047393537303e-02,-7.405846688465003713e-02,7.040028716221613525e-02,1.057227626977803696e-02,8.845472129421366736e-02,-2.871920802838939888e-03,1.348903346366754283e-02,1.570169356551038078e-02,-5.583704194767544898e-02,1.290395129958391528e-02,-1.050495978986852597e-01,-3.316813065035410096e-02,-2.501946791513469728e-02,-3.506174410540607855e-02,-3.575465006701021575e-02
7.391636591548819801e+00,-1.651005897234791853e-01,-1.048422155132374724e-02,-8.638858197238005743e-02,1.265012383820217357e-01,-1.385351819255838113e-01,-8.547947322252445745e-02,-1.231707485329211760e-01,2.934313427645910896e-02,-2.766095931328830995e-03,-3.977976916245823391e-02,-1.786675401001396740e-02,1.516618249766133429e-02,-1.267346119121037784e-01,-1.313747307036814971e-01,-1.619529494992697494e-01,-2.245278993330511175e-01,2.370598645238494381e-02,1.078542576217421736e-02,-1.812590908867142414e-01,-8.619604342446723910e-02,-8.631231573533390544e-02,-1.128162197655863813e-01,1.569813218235911745e-02,8.178013831741329231e-02,-1.412544218141186837e-02,-5.054398150891881158e-02,-4.359685513246096267e-02,6.672854369284189624e-02,-3.563941479774440646e-02,-8.703569564261529057e-02,8.878640607353197045e-02,2.494718448275239780e-02,9.982518579877374537e-03,-4.793273266810680125e-03,-8.865977063074509390e-02,-6.938515299516431756e-03,-7.230999614441055434e-02,1.411348660063894631e-02,1.744212108342308234e-02,7.839601811157528855e-02,-1.084695533399756967e-01,-7.111782235747331204e-02,7.943691818721450304e-02,-8.985967511875997404e-02,2.371733525425218439e-02,-1.528649593603536617e-02,1.191501581376326960e-02,-3.789193597946458741e-02,-1.958201603436211455e-02
7.617892496234516031e+00,2.400583785303515572e-01,4.359097150701033985e-01,-2.663234891957617090e-01,2.673690453604938774e-02,8.421717185042085219e-02,2.651221977063542012e-01,-1.422031068412702715e-01,-2.973067408040684922e-01,6.206008840200809284e-02,1.407354494539126387e-02,2.020555497512705467e-01,-6.967634007715090179e-03,7.031511105303052400e-02,8.330756673363824694e-03,-2.431740493100539163e-02,-4.223160952761795955e-02,-1.104976901841223935e-01,5.718150771611378580e-02,4.168674484253385298e-02,-5.978559571876086720e-02,-5.769741309250615846e-02,1.378092461528493406e-01,-2.338879524562257894e-01,6.012291653913270917e-02,1.320866395600315546e-01,2.366201971913418564e-02,-5.671476647598595877e-02,-5.437522072288379638e-02,1.449010095879512405e-01,2.801269063622819494e-02,1.427773140408890654e-02,2.132701604618239544e-02,-1.685607694674556845e-02,4.400598948010173844e-02,7.637230180201593291e-03,6.139733946297436240e-02,-7.424884414788314457e-02,-1.012574343432464004e-02,-6.160330406471673653e-02,-2.429139761939333800e-02,-9.523736205297764212e-02,6.850756203018557033e-02,-6.719609931229388045e-02,6.233804008365002869e-02,-4.986225114167362749e-02,4.541068683635510195e-02,-6.274776231293709150e-02,-3.714221335744395669e-02,-1.339717185980306979e-01
7.590608432503842096e+00,-3.500306083437008248e-02,1.906221784280437512e-03,-3.596945329846749084e-01,1.129387000568808225e-01,-3.133592599834464365e-01,-1.893716591878037009e-02,-3.977839374503267314e-03,-6.269595617617480798e-02,8.847750644247860674e-02,-1.914383275054462874e-01,-4.297617828793576407e-03,2.351742241476467016e-02,-4.280009339948087632e-02,1.923943488656714718e-01,9.795934093149245847e-02,-4.584253264768446690e-02,5.164443976935206848e-02,2.778150824620667647e-02,-1.698936715462210922e-01,1.651725157001179140e-02,8.622694420495662093e-02,-1.174513372609172490e-01,-1.248067698851355461e-01,5.016503732711143776e-02,5.042391107385707331e-03,1.976374827818888069e-01,1.182412993956508673e-01,-1.149666842610002904e-01,-2.123169620415647427e-02,-2.811089245700332164e-03,-1.074637943106000887e-01,7.998951281772978539e-02,5.108567094618460258e-02,-1.528496368732105461e-02,-7.412418227441788972e-03,4.195233936547060338e-02,-4.694049265807966054e-02,-2.778392505167674026e-02,4.114610513742507185e-03,2.592915923036378037e-02,9.860453699612745093e-02,-1.690302321384141299e-02,9.333959122615597542e-03,4.764212556281691158e-02,-6.802600322872387473e-02,1.118644767571483345e-02,7.451589908505643067e-02,5.821146154702403624e-02,-9.287392913382847004e-02
6.885045008863895255e+00,-2.301389849489040851e-01,-1.772016031384194279e-01,1.654189227339642188e-01,-1.144172924463375540e-01,2.306281664516041663e-01,-5.162432928242181168e-02,-2.782314099728801574e-02,-1.043219349144227370e-01,7.813865584420016941e-02,-4.714396476320300428e-02,1.420087369265524146e-01,1.220204990831392777e-01,-1.035631890265550636e-01,7.587689497287176954e-02,-2.473817993077180866e-01,6.349063556917701467e-02,6.572412273865435584e-02,2.053990499956404037e-01,9.399787170892233423e-02,-5.072042952490007570e-03,-4.514607762829401377e-02,3.781526826736365116e-02,9.016149575397262861e-02,1.895661432187351059e-01,-4.080400361363532846e-02,-3.587230713548007766e-02,2.093442190095096134e-02,-2.806855995942583639e-03,6.239773795336531897e-02,8.259005515585941815e-02,-1.265107703543062456e-01,1.862103244268476648e-02,1.032402976550491347e-01,9.873403002938192785e-02,4.595702142375256150e-02,-6.687498411281474209e-02,-8.743848253193875486e-02,-1.010923632133713460e-02,-1.441282704750515217e-02,4.057103232807438703e-02,-7.403234479697942683e-02,-9.630034904337772192e-03,-1.432778143561910800e-02,4.569811014668657967e-02,-6.064200633825678199e-02,8.032601796826423224e-02,7.728779250691218683e-02,6.190486811947830403e-02,2.420963034155611954e-02
6.704788411656254610e+00,3.898682981214108834e-01,1.658864815146101623e-01,5.134771396194606208e-01,2.651240852817929872e-01,-4.697424847520324104e-02,3.915850524024610535e-01,-2.657464200230053031e-03,5.847807749021023682e-02,1.596105043352233355e-01,-2.142919787368560702e-02,1.012995106968175574e-01,3.977361607811129296e-02,-1.774389752255765007e-01,2.700795838122756892e-02,-7.594514935196872152e-02,1.197336493553177589e-01,-3.223745862367179138e-02,-7.780779555839431594e-02,-9.907766831801459451e-02,-2.483158166976656700e-02,-2.909757260041523352e-02,-1.012299816955468251e-01,-7.411761639846745076e-02,2.712370819363028526e-02,-1.038396939988464468e-01,6.002636041454621763e-02,1.681573272391577722e-01,1.224871649045308486e-01,6.765408489932926706e-02,-4.817828677370804280e-02,-2.893984233395056806e-03,-2.981998668895546878e-02,-4.719176313593224925e-02,-2.762323872860267260e-03,-6.377178141061475014e-02,-4.611726472136003230e-02,-1.631658920467759372e-02,2.478697562568782375e-02,4.651212909615394520e-02,-7.486335934540067072e-02,3.991406894372197256e-02,6.073942303982575452e-02,-1.130447639571884044e-01,3.829990711080652477e-02,8.081911130087082729e-02,4.645752308348018861e-02,-2.121004279614110283e-02,1.904183375411234308e-02,-6.453613855864887179e-03
6.802698483004175678e+00,1.220802442591013975e-01,1.864529820518715242e-01,-2.785324989271205642e-01,-7.436786545819706884e-02,1.433135956349855800e-01,2.154300499213676612e-01,-1.953418326238070823e-01,1.496957218329781070e-01,-9.199987024389566503e-02,-1.382062364512656460e-01,-2.877736225749961130e-01,5.282301964273428130e-02,-3.906091410232956362e-02,-7.591038728710206018e-02,-7.256916373736641002e-02,2.712288126264352228e-01,-3.613795333227302897e-02,-1.052558312710204502e-01,1.549368394377166336e-01,3.701402883674605876e-02,-1.195511906103681882e-01,-3.949323952468038884e-02,4.281956144086337956e-02,9.974086709573506959e-02,-1.256900517311889190e-02,-7.580127812247758334e-02,1.112299218311224233e-02,-1.166287147722168543e-01,2.125417881819970795e-02,-7.799123159738260980e-02,3.492500769961833645e-02,1.250762138896496789e-01,5.506547425589591871e-03,-4.449779210953606207e-02,-6.370374051239544033e-02,-4.400323642354971032e-02,-3.940658716392499844e-02,-6.478475934877232778e-02,5.781056786375651096e-02,6.114710201315073229e-02,4.578798226673071875e-02,1.464297678115291344e-02,-1.620324925456947951e-02,-3.689555832008918623e-02,-3.576988918724274737e-03,1.706058697231678523e-02,3.305652000991871065e-02,2.959399751035481779e-02,7.334755637455081523e-02
7.471795829240400977e+00,-5.255688921068113473e-02,1.730468774556115641e-01,1.143418221321256534e-01,6.194144653710829257e-02,4.033748127880831258e-01,3.652767263625252003e-02,1.430783235831644407e-01,1.712900124715472372e-01,4.924881414901022963e-02,-1.701348351851560969e-01,-1.113819834653039659e-01,6.643067938452304477e-02,3.377557355584055732e-02,3.281166963529019015e-02,-2.078644652121244829e-02,-6.165109138173407999e-02,-1.234287549553245433e-01,-1.111836226557831597e-01,1.445316558757591720e-02,-6.055165706808347814e-02,1.043077822947853645e-01,-2.390061190454715462e-02,-7.104932105245531648e-02,5.251726296906603780e-02,1.918168153330360864e-02,2.619416752657925326e-02,7.399385464708434224e-02,-8.482900667972309225e-03,8.935385272246897104e-02,-5.255828917905963626e-03,-6.525645972357577151e-02,-4.803821860495818136e-02,2.441426490264335045e-02,-7.401425686597015718e-02,4.469562287205049167e-02,-3.029237736054105762e-02,6.245306793510702059e-02,-9.688210324822726927e-03,-1.193942568249970887e-01,1.420531322207891842e-02,-3.424455306576820041e-02,-7.183454527118141031e-02,-1.469622886128051607e-02,-9.328874714502203083e-03,1.210395832647643763e-02,1.096339356866549500e-02,1.761849718442104126e-02,2.131212039935851885e-02,5.989509464037677533e-02
6.716957781046782650e+00,-9.330517543107050282e-02,-3.299540014427522761e-01,5.852055896299654947e-01,4.437475514435458568e-02,3.471697948865831163e-01,1.967503838054762699e-01,-2.157941409210986095e-01,1.309437279240852070e-01,-1.479009270966230305e-01,9.384411593758604231e-02,-8.020551247895534724e-03,-3.373949033460759556e-02,2.297508065347634576e-01,1.437554992451209601e-01,-1.006903990891863526e-01,2.246102996444980515e-02,-8.167316472206839761e-02,1.508470345592421713e-01,-6.171979950711762447e-02,7.096817449940932832e-02,-4.209752812864856614e-02,-6.370969412280430566e-02,1.166156341904523233e-02,-1.469205917772256273e-02,3.054654073818668381e-01,1.325628101294651917e-01,-3.815825551262279347e-02,-1.572794449264822980e-01,-3.418190857741977562e-02,9.218652726909012940e-02,-3.524799274535600491e-02,1.724872151716011492e-02,-1.531053558439970375e-01,7.807620864715468512e-02,-9.120019553600491879e-02,5.664542163577670347e-02,-4.369086750429666127e-02,2.126084551170225392e-02,6.616805607989569016e-02,-3.290179590813016412e-03,-2.561440993932573296e-02,1.204775137553082062e-02,9.428375792077386963e-02,-3.276595090850736858e-03,-2.078210970752368200e-02,1.381556757891181687e-02,7.836445224227979456e-02,9.116782624364789395e-03,6.507196778888783839e-02
6.791711184232745779e+00,5.665125117789673176e-02,2.677285353106412247e-01,-1.944906405228021273e-01,-6.079589645258225150e-02,3.038772065139372924e-01,-9.108512754442495488e-03,-6.912585334306738105e-02,3.386710858782659810e-03,-9.242307458680279909e-04,1.008880255095729039e-01,-2.258858428532474760e-01,-2.044607331513793869e-01,1.976938061312975559e-01,-1.249182821667250698e-01,1.986129510452370323e-02,2.178392778746017222e-01,-2.733527977208939294e-02,1.477782173849455094e-01,-2.675979471296270965e-02,6.778664312128002134e-02,1.443131151331316919e-01,-1.383120636626764509e-02,-8.705546837454230732e-03,-1.053956998072793153e-02,-1.789107626893897060e-02,2.292659776259350218e-02,7.706640280072664384e-02,-3.842365927944631221e-02,-8.634655821417317606e-03,-1.869927183522822334e-02,-7.739788406452526200e-03,-2.019288758564770359e-02,3.811378680767837923e-02,2.055688087329463620e-01,2.539348562770932932e-02,-1.573795690669420322e-03,-5.247193213723833072e-02,9.169788465547695777e-04,-5.179175219055133506e-02,2.234854875740377791e-02,-6.181848304611385625e-02,-5.993162075174666287e-02,8.703402358550989953e-03,4.034497236273959335e-03,2.931730806725827906e-02,2.119930548557286132e-02,-5.614461574113795150e-02,1.323498564104503769e-02,-9.171428803955702924e-02
7.294915201303457941e+00,-4.583414007996514106e-02,9.849824642546110842e-02,-1.876479554471738864e-01,-5.026712682886706751e-02,-1.761430848258128123e-01,-8.026073656235235831e-02,-3.396900682302320118e-02,-1.377045172015657626e-01,-2.502934775052608196e-01,6.633398767763845627e-02,-1.084990806227618537e-01,4.132486125373154018e-02,-1.394040026170114688e-01,2.269214097343058012e-01,-9.144351550681928398e-02,5.247655850355735507e-02,1.184223777121657939e-01,-5.525140935730760150e-02,-5.175849957110599531e-02,3.904212956824171330e-03,-1.595175908872567550e-02,2.501790964479029197e-02,7.824317555132298541e-02,3.249668283824076048e-02,1.060094069322538440e-01,-1.157764115263826971e-01,-1.527365622852195834e-02,3.046442730376612215e-02,-6.418886729743022990e-02,6.895921048683170684e-02,-9.208607761615415777e-02,7.130609837319483446e-02,5.830143615985525045e-03,-3.045597912670216026e-02,-2.431371220529145866e-02,8.421425390111374198e-02,6.014775449116675082e-02,3.142325397897644153e-03,-4.716080801201726763e-02,1.083711168325013074e-01,2.673627931283018011e-02,-2.824398138836057420e-02,4.544087746418684626e-02,-6.497316186157427176e-02,-1.358263739502368339e-01,-8.866613612223772298e-03,-4.741586094921372563e-02,3.972482966935540760e-02,7.856975923929896549e-03
7.108654604089421625e+00,-1.952497955562529364e-01,2.616668979108673354e-01,-2.572752623099523461e-01,-1.249817018080033454e-01,2.250360395714479100e-01,-2.846726937936706614e-01,-1.633067853444850337e-01,2.165942656912449651e-02,-6.318914983962611864e-02,3.755069516644373162e-01,3.447053702452331225e-01,-2.118471562899733873e-01,1.717938310086723486e-01,1.803821542842844738e-01,1.850058951941320820e-02,-5.592347438960983824e-02,9.845251300283022755e-02,8.371048552541181936e-03,-6.577677953513812181e-02,1.393814831197460746e-01,-1.167208342101368201e-01,1.380710180557545019e-01,9.329740730662353099e-02,-2.864191999950686796e-03,-5.756151631684849196e-02,-1.678892011865433520e-01,7.576556660793423367e-03,6.303457760856714942e-02,-3.652368861645445552e-02,-7.032424423858603391e-02,-1.375025048359294552e-02,-1.689154517086821974e-02,-3.045419183527777601e-02,-7.383337674795412142e-02,3.753972151877413982e-02,-7.396124617064872564e-02,6.594554499944775550e-02,-4.094467225264917035e-03,-4.891775650596701108e-02,-1.294045310744253441e-01,9.944865144578815541e-02,1.323671548679054844e-02,1.280360667409309941e-02,7.025657101677799943e-02,3.152969737113283516e-02,-2.902269898390644892e-02,-2.659757415120440546e-02,5.787831688257207702e-02,1.022083196677140912e-02
7.093111735061922829e+00,1.252918132951086894e-01,7.474017789293418979e-02,3.952740385749843322e-01,1.207367080075580634e-01,2.178456211020682320e-02,-1.985430149736062133e-01,3.184004843977802923e-01,2.390815634326221573e-01,-5.805068980433603087e-02,2.634460142529715387e-03,3.171178528634332333e-02,-1.593855086152527051e-02,-1.901655365801412922e-01,1.005952490341903427e-02,2.529688485938063128e-02,-1.385569535437519428e-01,2.397405585974781567e-02,-7.690996631451092747e-02,-3.985595375007257996e-02,5.200714664370503781e-02,-1.522389193421410658e-01,1.366410579112221357e-01,-2.453194619518989789e-02,2.624553701392852781e-02,1.451136107728778213e-01,3.131703103572786029e-02,-3.726454336749003560e-02,5.138426521072686493e-03,1.225695370959974106e-02,5.818566420358465413e-02,-1.013706756585428491e-02,1.282045300042960467e-01,3.704313288771081403e-02,-7.073494722453671502e-02,-3.428013145151556640e-02,3.746866947269150011e-02,-3.689069644764279843e-02,-2.739159375560324891e-02,3.043409887126186097e-02,3.664344787073253729e-02,-3.049373035881997041e-02,-6.757389441882684367e-02,-1.832400821542264774e-02,3.897938360075579867e-02,4.097045144412442275e-02,-7.991757935946404434e-02,2.175153399209400762e-02,2.738319397840120045e-02,-1.184436270085051021e-02
7.411687646643935423e+00,-5.411042602847204730e-01,-5.839223483152472527e-02,2.851481560730105280e-01,6.678239075205968933e-02,9.423414750975774024e-02,4.410647943334292803e-02,-1.358820580130332967e-01,4.827182098726789244e-02,-1.428569225050868585e-01,-2.273416326522210151e-01,-1.442556374741452152e-02,-6.260718232467463173e-02,-4.411906045056581543e-02,-8.320586295166063073e-02,1.143976901405293345e-01,2.373586504340830516e-01,9.783878852378538604e-02,1.413140332819798339e-02,-4.765994732300765646e-02,1.405048895677335763e-01,-2.470805660190543082e-02,1.087760845781037961e-01,-1.198274411196658534e-01,-6.427743322221615707e-02,-8.587572754660659224e-02,-9.287866010525891447e-02,1.345461077449857101e-01,2.800663498586574221e-02,6.464071183694689027e-02,-1.150948843545647124e-02,-9.891542394315843562e-03,4.606305878022828176e-02,-4.530750039332918228e-02,-1.054086091638956890e-01,7.436102686624992963e-02,6.364237304024275566e-02,-1.795853595612553061e-02,5.654976835012757302e-02,-6.509050005769964967e-03,4.634257415519037193e-02,1.149369140450181778e-02,-2.559767085109267842e-02,9.609434835382767159e-02,-6.665128012705787142e-02,-3.971634954084644203e-02,-3.513283594387842795e-02,4.003275868331967330e-02,1.129226449874138477e-01,3.130038674240195190e-02
7.040684154293117558e+00,3.078233486401057983e-01,6.155470280440465680e-02,7.590313452772581848e-02,2.717863523471960585e-01,-2.320433273307882620e-03,-2.361667779987270122e-01,-7.649875714803255899e-02,-7.182709450334770485e-02,-8.443007916733681617e-02,-9.685872000914818453e-03,-1.467176422405301606e-01,1.924273703296935367e-01,2.693473533559313515e-01,-1.628974001875127487e-03,2.914299141361947898e-01,1.730267249367580668e-02,1.093804937138977140e-01,-1.068393119120784329e-01,-1.530609161521764329e-02,-1.126331914128231027e-01,6.011417618711954042e-02,-2.660796262125000866e-02,8.010723747382622606e-02,4.884921336030299821e-02,8.067219333330055697e-02,-9.057101830453298530e-02,2.477868427106964463e-02,5.944756884374829964e-02,4.978205305246751616e-02,-9.255756283324556924e-03,-3.668276410751756395e-02,-1.491254024213955476e-01,7.911327789007074895e-02,-2.833691973258821092e-02,1.509590643399464673e-02,1.269202726731642195e-01,-5.881229957897848859e-02,1.289932179544029667e-01,1.349477764520523593e-01,-5.809770291839459755e-02,-9.305812363687066685e-03,-3.459999615555409830e-02,1.679413137926250368e-02,4.334298382194079480e-02,7.400268924474986965e-02,-9.052623766608518252e-02,1.046041553806428479e-02,-3.893811649950298936e-02,-2.394796900704234538e-02
7.529460341318346295e+00,-1.547883261462447702e-01,3.737769778517150421e-01,2.234847212682595716e-02,5.516714260179245155e-02,-1.105466548835663254e-01,-2.440244810512618157e-01,2.525878288263917471e-01,3.881169538008064773e-02,-9.884064049056219547e-02,-8.952102940071665627e-02,5.340950455932205049e-02,-1.546609604896963530e-01,-4.063195285818135133e-02,-7.117478818449733680e-02,2.738715727830969178e-03,3.474528222335436511e-02,-3.067202442341617763e-01,1.173357312228242161e-01,1.639601962570824412e-01,-9.128652299053170716e-02,-9.429663395125879866e-02,-1.014209239865769552e-01,-4.852955279971439551e-02,9.762456591372789538e-02,-1.871091050557793702e-03,-6.534610749035735244e-02,7.565794503035036533e-02,-1.043376793418143711e-01,-1.039987486135134087e-01,9.842169609882082948e-02,-8.654866481946721368e-02,-3.889791108707692235e-02,7.178930861530681551e-02,8.003929981051197129e-02,4.805484029594393747e-02,9.203482625084828672e-02,1.152277658404168986e-01,-9.274392724393853288e-03,9.507528264190509559e-02,-5.191753682681423537e-02,8.352294752231875785e-02,6.623925802073518665e-02,2.322297627115058744e-02,2.115921140227033925e-02,9.849660380302666107e-02,-5.561035134571556959e-02,4.341934451298633257e-02,6.841956970041035077e-03,4.574388540368824752e-02
7.816380156860394557e+00,-3.930118812174299148e-01,-3.414934155955299810e-01,1.916584984223690391e-01,-7.351238923167965900e-02,3.454672578883528078e-01,-1.665634456042083544e-01,1.772324177184185778e-01,-2.120503727854876064e-01,3.378586425583219865e-01,7.464790893460145071e-02,-1.246868483094811485e-02,-1.430511092858145761e-01,-1.699073032788437354e-01,-6.007286986888314001e-02,7.815303160907227653e-02,-1.430141763855590498e-01,-1.807312051954922394e-01,-1.803309800603105639e-01,5.760391675915034482e-02,1.530241859247505054e-01,9.418876027477082746e-03,-3.434865715233468425e-02,-8.656481732072505986e-02,-1.751219438364015335e-01,-2.626405034416653961e-02,1.013663410370502643e-01,-5.808505392254219302e-02,-2.917134422005096712e-03,-3.059744491670952568e-02,-8.813243288697680464e-03,5.389204677860716386e-02,-6.508999872800916298e-02,8.604046666811508703e-02,-2.108592168449593962e-02,-6.821835315616808781e-02,-5.961978512625991378e-02,-6.269579099410470258e-02,3.464939959670127606e-02,2.750862941189035141e-02,9.687045769772173465e-02,8.000742011137257359e-02,6.179669939465522177e-02,-6.078838688931474665e-02,-6.233390412408656815e-03,-4.761651896401489920e-02,2.971048048769606847e-02,4.196623097583808241e-03,-1.895125597684258617e-02,2.294155423914887026e-02
6.440217497567504168e+00,2.117770901895887903e-02,-2.090618252948069355e-01,-1.430425323139495296e-02,3.346884804942241720e-01,1.017583679171028682e-01,-2.629040138536234972e-01,1.789260747105179128e-01,1.484048083353046166e-01,-9.265348969679374630e-03,-2.407097397051351506e-01,6.304003526267737585e-03,2.594277891123690227e-01,7.229309169340411567e-02,1.377288225654732523e-02,-6.695968826769614635e-02,-5.263001823967140835e-02,2.854724222263401584e-02,7.945830246372008465e-02,1.055156437933729707e-02,-1.257866155612371861e-01,-5.702944722948515011e-02,3.864660630171519451e-02,-5.008245043704292326e-02,-1.116149169442188366e-01,7.560713106649316617e-02,-7.566477759782787305e-02,-4.520200656861701749e-02,1.967928271030650045e-03,5.654264113876526082e-02,-9.424469077158630081e-02,8.619969968807142391e-02,-9.741359134048320489e-02,-2.057581396884770528e-02,1.184160078247478570e-01,-2.758035232994731495e-02,-7.618101838500013212e-02,9.171955873878864102e-03,3.896250398795863407e-02,1.417143982097897846e-02,-5.129900865869413407e-02,5.950293222905179980e-02,1.274238808722471528e-01,1.935969447111118152e-02,-6.756412190773236452e-03,-1.985458124291459778e-02,5.493909773847121744e-03,-6.516187828630659595e-02,4.284149015537978833e-02,5.406100239351661896e-02
7.353549446412247725e+00,1.356688520176301260e-01,1.843054757689202849e-01,-2.577623790470511822e-01,1.408186907082966954e-01,-3.279339354427316944e-01,4.833785747414630352e-02,2.393735197788665892e-01,3.221398777822072346e-02,3.919966122332316574e-03,5.785459285138368213e-02,-6.732206370161705755e-02,-2.030372694652367652e-02,9.589573410110793783e-02,-6.513399719180755498e-02,7.294041667227275927e-02,-5.521198571781647108e-02,7.303782675060992158e-02,1.185873359872702260e-01,-6.211321307292294591e-07,3.535961757349972978e-02,-7.405375330453130289e-02,1.317113138421345878e-02,-2.974375230522318531e-02,-1.588437387753968144e-01,6.247471174393533222e-02,1.245842792967107905e-02,-2.583996792500012352e-02,-1.414017384572156463e-02,-4.665007543439051579e-02,-5.565577229121078384e-02,1.099307872892054255e-01,-6.449199315585793513e-02,-1.909931259989093924e-02,-1.102820777763198132e-02,-5.299691795246288389e-02,-5.217963413784539040e-02,-8.021444768823699986e-03,9.846859533104750095e-02,1.119802185465016836e-01,-3.386908712909826591e-02,5.486995162084619751e-03,8.145247593738387526e-02,2.663486078676335911e-03,-3.621500036680810886e-02,-1.104294157059765580e-01,1.654943701705970452e-02,1.736840197356262537e-03,3.226867077716107091e-02,-2.381736338960583829e-02
7.176076808627458448e+00,2.615641792573380475e-01,-2.445301562417232510e-01,3.542283714587010635e-02,5.909256937503117729e-02,-2.865937736422729532e-01,1.549837140050084605e-01,-1.976222540495672642e-01,1.709187045553779427e-01,-5.165963983475314880e-02,3.293201748778883109e-02,3.064574896958645045e-01,3.412629124981008122e-01,2.661681154749825362e-01,-2.374536518640184002e-01,1.074021700642133342e-01,-2.295593599600338416e-02,-2.318382788117574062e-02,2.227989693673669211e-02,4.759474802082193368e-02,4.315497994372326229e-02,3.259661761833502341e-02,-4.604296977746775293e-02,-1.287896179533873919e-01,4.192003505565605054e-02,-8.265115107441757536e-02,-1.052807540658257518e-01,2.044333088591149348e-03,6.477763117157947503e-03,-1.061922124477945734e-01,1.779904487610878966e-02,-4.714279105085411592e-02,-1.714553466079482905e-02,1.236921253038590074e-01,-2.939655878408277065e-02,-1.263112342166722857e-01,-5.047534723192761280e-02,-3.172324550658438269e-02,-2.942789612575093423e-03,-1.199583419831766751e-01,-2.986315277347523223e-03,2.612204295767490622e-02,-3.167943293803762023e-02,-2.765773815673354744e-02,5.775129744125348519e-03,1.055441245466429492e-02,-1.637325450169462709e-02,1.122235354231320564e-01,-5.079872486741482396e-02,1.137693190590086459e-02
7.655220279011035522e+00,1.972606024754209805e-02,3.209887838925739034e-01,-5.866769691858124414e-02,-1.501861848272260658e-01,2.043955014079769650e-01,1.686781052308703455e-01,1.400119124802335080e-01,9.020749857134605088e-02,-6.547305700796561545e-02,-6.205870776271429218e-02,-7.474184754903547001e-02,-4.021801989835911695e-02,-4.789577955316803859e-02,-7.317019443913130861e-02,-9.598226767663628478e-03,-9.383704004954204758e-02,6.614185529084479209e-02,-1.268478246440747359e-01,3.557216138181389098e-02,-7.349672519428068936e-03,-9.706710123786596589e-02,7.010409920482756074e-02,3.913117571447155552e-02,3.384857950272213145e-02,-1.280418316788123068e-01,8.181820438715947663e-02,4.584178451475632438e-02,-5.741191880095945083e-02,-2.751928921797211491e-02,7.916862437092762883e-02,-9.531957509214095126e-02,-5.472429631195577932e-02,-7.012524330026433106e-02,-1.591637712654221572e-03,-6.545904470745694988e-03,-1.722424931441450188e-02,2.389743388780450617e-02,5.111983704797387618e-03,1.730930878103051308e-03,2.665068449696645844e-02,2.678546710359816507e-02,3.983178102241093088e-02,-2.798499244611082990e-03,3.069225655498868804e-02,-1.901772075620680041e-02,-9.154850438392241746e-03,2.560029976897394352e-02,-1.968844059358574455e-02,6.575664805083387965e-02
7.035780965362012473e+00,2.694320937319057419e-01,-1.235451947883922375e-01,1.480132463771548779e-01,2.487856746555549281e-01,-1.126838827989066205e-01,-7.949785374273214689e-02,1.327372992415472019e-01,-2.344024373720841603e-01,-1.690305470015237843e-01,2.970118847418360408e-01,-2.152803989972782994e-01,-3.069246482587725724e-03,-1.483289414248853411e-01,-1.079202751996208437e-01,6.974500330460156605e-02,1.057744992356862701e-01,-8.837365821616785522e-02,1.983216395450852418e-02,-1.624006353820567350e-01,8.543050384745665138e-02,-3.438920275427995860e-02,-1.049600229572991150e-01,5.513333329479393197e-02,2.392923549693046908e-02,-8.469317380497311254e-02,3.637382147530589943e-02,-2.974181926526519096e-02,-2.666117647299427046e-02,5.138092467942826508e-02,-4.874624337304377802e-02,-1.827321450550632026e-02,-7.827718706041042473e-02,-8.731107427153354805e-02,-4.032715663813678242e-02,3.010385196639874320e-02,-2.075323649361705131e-02,-9.150524330101725626e-03,-1.191472183910440297e-01,4.202579059309391463e-02,6.859750611046892821e-02,-5.398296870682887244e-02,-8.266252008481220215e-02,4.277307115634175483e-02,4.514121815704118246e-02,3.922591984216306643e-02,-2.438033017472725911e-02,-7.461431266409249141e-02,-7.031998166147343521e-02,-3.046988901245480802e-02
7.842343831500505402e+00,7.738269659141087942e-02,3.095349941812824413e-01,4.430134062670608441e-02,-2.540233303795051967e-01,5.454779136754643598e-02,1.535692357035012001e-01,2.447930673423124870e-01,1.389038367540219310e-01,1.146601822136212590e-01,1.741526559213344705e-01,-1.726967530048023058e-01,1.733274502356756813e-02,5.930142290261601612e-02,-8.121872208464863893e-03,-7.676478984424395247e-02,-5.992762779159027664e-03,-4.050565866381358043e-02,5.767555828206986923e-02,-9.896036702070715174e-02,6.093513993087722354e-03,3.481698132882626862e-02,6.221367140562398396e-02,8.630428262701254905e-02,-5.631431151105453781e-02,-2.002327083612933517e-02,-2.681476568246978637e-02,-9.824671718956096145e-02,1.240800005189227340e-01,1.383894643518422153e-02,7.214813340953651899e-02,-1.958353983519722091e-02,5.623769959193771623e-02,-1.396332767494601855e-02,-1.534785166290008121e-02,8.808106409654362090e-02,-6.104552293079694436e-02,5.344969619127785260e-02,6.695089640963111655e-02,-6.086754748602411606e-03,-3.610500661964744645e-02,1.662715908195790213e-03,-2.904206600172266547e-02,-2.205947227526568882e-02,-4.847090359165914103e-02,-5.004556498502911455e-02,-4.498710802777181050e-02,5.640730474341271172e-03,-4.603312575659139483e-02,1.117100566961785890e-02
7.651892836871288850e+00,8.106744153077963255e-02,1.236526810125370135e-01,-9.248180288194200738e-02,-4.557615404663638292e-02,6.223559002119061212e-02,1.557583075007620832e-01,-1.736550585007995695e-01,-5.324599049921403815e-02,-1.140415814300065056e-01,1.058372756506865270e-01,6.064188433208672797e-03,-7.151646014395923907e-03,-5.051462779258560076e-02,-1.171201052529514397e-01,2.797698848958842660e-02,-5.966126120670826871e-02,7.054313917494466069e-02,-1.704662222191208332e-02,4.253736756582800205e-02,2.353787049138700987e-02,7.822083172126356732e-02,6.989973235315947997e-02,2.958603778263385609e-02,-1.554733976272436036e-01,-5.821741143465819501e-02,-4.282783594372248370e-02,-4.295790766272137434e-02,-8.706333186522575984e-02,-1.911592267094134115e-02,7.178133901236016974e-03,-1.170694446952434131e-01,-3.569218407518408992e-02,-8.305682338318347291e-02,-3.800102438650107550e-02,4.579651375332489255e-02,3.588891051113222291e-02,-1.199528910899177736e-01,6.017840668092552109e-02,2.791054136269654345e-02,3.034298309829377982e-02,6.156501563487141310e-02,-1.291762788877224254e-02,-3.151616808609390002e-02,-2.192715941214121514e-02,6.097419746141426178e-03,6.231650262290437670e-02,5.876657500142630497e-02,3.506811916984594463e-02,-3.316099402873105839e-02
7.048616182563129939e+00,-8.570235633865294633e-02,2.014232891972949080e-01,-1.348985565983930601e-01,-1.031432460255619077e-01,7.852207217537369999e-02,-4.157097809579074488e-01,-3.317237231317439194e-01,1.888855375337802900e-01,-2.450392255279990397e-02,3.557854085637203734e-01,1.473932196240318460e-01,1.215797187771701093e-01,-2.166979402587466130e-01,-1.594018703204392456e-02,-1.630157353600425740e-01,4.283203270847869837e-02,1.205886198511515184e-01,-1.407621924308143646e-01,4.390597505770473669e-02,4.671838969463544544e-02,1.435442352337200633e-01,2.150217921894722467e-02,-1.091765337140112868e-01,1.334050012986926492e-01,9.273123960948203692e-04,1.916019923389542801e-01,6.573719935654753549e-04,-4.885209512464941395e-02,1.161645437845517242e-01,-6.479804640699475538e-02,-5.642703119984884656e-03,-7.224893331320479672e-02,9.615079092428295560e-02,-7.118600378222206477e-04,-8.349012234982472469e-02,2.077862168690581060e-02,5.834583217732890181e-02,-2.219065744409111016e-02,1.243000052117914783e-01,-1.337298477782087637e-02,1.315107609923757415e-02,2.354391200132892326e-02,1.503700660163506155e-02,-7.152216867802739519e-02,-6.800044588663090375e-03,-5.766868668776109486e-02,-3.112479965890025888e-02,-1.530308386570955817e-02,-5.056964763675417945e-02
7.322503781285671032e+00,-5.023976623265377084e-01,-3.537212231458443656e-01,8.849139325012092550e-02,3.105867310523492408e-01,2.064500445909074888e-01,-1.214475556040330029e-01,-2.812199241913657111e-01,-1.286541179015300573e-01,-3.080722959495484359e-01,-1.622863140438518814e-01,-4.913226578159405472e-02,1.369660391899433539e-02,1.594237066740294140e-01,2.088371850858148915e-01,-1.953228566987076364e-01,8.999207276357656937e-02,-3.493879343642486424e-02,-8.662144551836079009e-02,-1.906419388289738170e-01,-1.131266835700364959e-01,9.493134894694425785e-02,3.687339512597260366e-02,7.870785992769538820e-04,-1.011231565213771971e-01,-4.017659039390751585e-02,-1.073386656024765372e-02,-7.968772113577846095e-02,3.803681467118862070e-02,-1.769665499732118313e-02,1.850320444723512273e-02,-9.575151342037586250e-03,2.928025689228078848e-02,6.888269218223917745e-02,-2.479526327102831579e-02,-1.629243495734622460e-03,1.449139987168046595e-02,1.398403727709613131e-01,-7.980110808141104017e-02,-1.942984391819009213e-02,-8.878865214557561669e-02,6.995026327276292200e-02,3.946902940344559907e-02,-1.208644814616793017e-01,-7.364912226175035492e-02,-3.657744355791746338e-02,7.211469225662725524e-02,-1.045670533842190698e-02,-8.744522187839556815e-02,-5.832078173805856081e-02
7.220877656140336498e+00,1.883761332377603404e-01,-4.289135371063982349e-01,-1.212727771982361757e-01,1.165864800196657336e-01,7.242422418218188995e-02,1.742693880355258851e-01,3.092535422255635602e-01,-7.479301646117378355e-02,-1.833309648872123720e-01,-6.673891899656797348e-03,-9.508514126676972933e-02,-1.018092199095720629e-01,-1.332931563685736953e-01,-3.282374811367677614e-02,1.510746314440616078e-01,-3.484418347707331914e-02,2.139586414347515730e-01,3.070763009108329333e-03,4.032706172939871242e-02,-7.670965626067326182e-02,3.079386101817447458e-02,4.054287295530691060e-02,7.461746355853499449e-03,1.004981205806266542e-01,-3.645226318155096734e-02,1.720959371014392503e-01,7.984615007385265084e-02,7.916779427341544273e-02,3.819557522591901727e-04,2.923124996390990410e-02,5.256458057397853795e-02,-3.984148094686584818e-02,1.221277203141514847e-02,4.968514122076728157e-02,-6.149201482000844765e-02,-1.312586368431669682e-02,1.075814097670347025e-01,2.469269515018499700e-02,-7.767458383525524535e-02,-2.782725287793432270e-02,2.542654816037433901e-02,5.293237433616650861e-02,1.492758674109033179e-01,-5.720442176940327035e-03,-3.291174162068902145e-03,7.333431278220130245e-02,-6.273251790719594490e-02,4.351287574933229013e-02,-5.875816502177319545e-03
6.797055216833126856e+00,1.828966061430564172e-01,1.141429303395335992e-02,-1.908542574018963212e-01,-2.117109780239175704e-02,-4.674920347103191098e-02,-8.451553333258751688e-02,1.686735136207771768e-01,2.823684760734075927e-01,2.075684080297464928e-01,-4.757686615161153126e-02,-3.283997288457914110e-02,1.008753616843364453e-01,-9.943759247469638463e-02,1.515175067392932062e-02,2.178118807356550085e-02,9.481868505301596639e-02,-1.111662912353600721e-02,-1.177336280747009190e-01,-9.368200950304843636e-03,-2.907609832556190543e-02,-3.840897091441699933e-03,4.071288903527493785e-02,-1.470202973844959501e-02,-5.312663770939415192e-02,-2.286983689983924234e-02,1.063764609972051439e-01,-1.519979469914373681e-02,7.038193311487421500e-02,-4.405697647620635156e-03,1.194965064250464309e-01,-4.815750053292627841e-02,-6.171344776049381142e-02,-6.760429267539319609e-02,1.020081534412576874e-01,-7.539696459259745409e-02,1.016040356116620080e-01,-1.106064681075947728e-02,-5.425896889806884615e-02,-4.192172670351794125e-03,-5.340825971832226932e-02,-4.861789037198031849e-02,-3.257206057944509597e-02,-1.009115151541065646e-02,-2.379204369139375358e-02,6.074781565556628543e-02,6.449883846512812977e-03,-1.003951199308336512e-01,-3.515862027284834962e-02,6.306729721269367650e-02
7.277080900402130403e+00,-2.259394527351928361e-01,1.177461965593662408e-03,-1.235322807054868577e-01,-1.526376546624623742e-01,-4.239277644446281523e-01,-9.151714625821849580e-02,-1.868349316210254629e-01,8.531829808948829252e-03,1.872695309910050177e-01,-2.117865256043278133e-01,1.642460682429451937e-02,-1.451791870403082996e-01,-7.769998635342253990e-02,3.673667937766974534e-01,1.340073333989347248e-01,1.438678493793520696e-01,-2.104758759367577475e-02,2.966643954149621870e-02,1.661853226527071903e-01,-9.795351812987987405e-02,-2.338277426523693511e-02,6.215351359324028380e-02,-1.132843331312141794e-01,5.961564548051721119e-02,-6.058147640684281854e-02,-6.356671258842801209e-02,-4.643234598607276498e-02,-1.222746695598201649e-01,-3.391706909742820547e-02,-7.384211292062206611e-02,1.002010601869294942e-01,4.687699491315297506e-03,-9.651506893968790635e-02,5.142569122341922316e-02,-6.567723672656769485e-02,3.080285430736573460e-02,1.507097225816549091e-02,5.636005393492846821e-02,8.300655118920110404e-03,1.038108542112808896e-01,-5.397095912987644878e-02,-6.285499018358448042e-02,-4.701693489061704867e-02,2.597371291667773668e-02,4.760155324631181600e-02,-9.324136626145836104e-02,-3.592570806293421404e-02,-1.553685260076286337e-02,4.431455418591927903e-02
6.987600871273751402e+00,-5.139789095040302180e-02,-9.081603277782779315e-02,3.226273593737746803e-01,9.747981409090951399e-02,-2.178455921173603760e-01,2.516657237716164452e-01,-1.570928803032234089e-01,-3.320393804915789011e-03,2.176825108428706856e-01,2.056413356895947508e-01,3.741232739389400708e-01,-2.940371380557668113e-01,6.658418987243505671e-02,-1.004773299032155343e-01,2.168632161279178058e-02,1.313179957216065730e-01,3.776017276919152454e-02,-1.447022582711952540e-02,1.380152106236928744e-01,-1.079750609168044218e-01,1.536638997275375784e-01,-5.324120719004160791e-03,1.943825460112999226e-01,4.828428733891572400e-02,1.203456316112783558e-01,5.304778500170739125e-02,-1.217208135699112403e-01,1.440016917664793672e-03,-7.921524839086999115e-02,-4.845643112868972674e-02,1.105975107481629721e-01,-1.779131356627636912e-02,-5.318353177922691133e-02,1.791489814467000022e-02,-3.753265424507798258e-03,9.787976629026491626e-02,4.627730480984734718e-02,-1.050618594766086489e-01,-4.124526108199808722e-02,-5.409247165004662378e-02,7.935929120965815042e-03,1.225170806091587308e-02,5.403906899663052377e-02,-4.911228796746643782e-02,-5.038416574544901660e-02,2.788532632765389208e-02,-2.337474288093815966e-02,3.345249315191286404e-02,2.957573086126239967e-02
7.150052839897590218e+00,1.746063510125815399e-01,-2.062657950576275712e-01,-6.700388872556428850e-03,-2.096761522013592116e-01,-4.180906233205594624e-01,2.792568587875746688e-01,-1.760295671558028963e-01,-1.571348818015314563e-01,1.068864474474731929e-01,4.588971451093541709e-02,-2.885984950710781538e-01,-1.143859117692049357e-02,2.171625622422297328e-02,1.089474846521964746e-01,-1.056029609777410228e-01,-5.825825792974582973e-02,-4.314777802687762287e-02,8.565097559474593725e-02,1.124230160667185341e-01,-8.145793985483462674e-02,-6.411858477780800480e-02,7.939752203819956666e-02,1.943236258371491137e-02,-2.649450172411576057e-02,1.108971247281284080e-02,1.599137392351263898e-01,2.269282237903149160e-02,-5.025757697770927290e-02,3.237024215040268382e-02,-1.033186194376972331e-02,-6.785686288340933570e-03,3.193161054997954024e-02,3.142613255093557045e-02,-4.798837745670696958e-02,1.637258342899432229e-01,-9.187083683271580342e-03,-7.210937942266419654e-02,-2.379661440384358423e-02,-8.595086081702814351e-02,-4.644274434283265224e-02,1.107388750519404941e-01,2.239270742661707975e-02,4.584942457619801959e-02,-6.873118251001963941e-02,1.113799193836006174e-01,-1.270514040314488780e-01,-1.392221690492374542e-01,-4.033216032357504061e-02,6.466696284674752770e-02
6.643226161647488581e+00,6.955992484609536675e-01,-6.719149111564304278e-01,-1.173489127779983460e-01,-3.280244998010808932e-01,-2.897272676296854255e-01,-3.225529387214786103e-01,-2.592342537876429678e-03,1.911545784550976734e-01,-7.483861589017902494e-02,-1.532547105290933964e-01,5.150711514439058891e-02,-2.579440216242998019e-01,2.206044317269142963e-01,5.008876485039986948e-02,-1.866371522587114140e-01,-2.648167037827128117e-02,-2.928053937375376670e-01,-3.935929206274350195e-02,-1.011917620526936179e-01,1.003902075096641672e-01,-4.974759867366503052e-02,-1.187162340608493710e-01,2.315773660888345228e-02,7.571067187607291582e-02,-7.484961381213461884e-03,2.955066274706510954e-02,-1.460313765130790385e-02,1.103720335170350619e-01,9.550892330931844143e-02,4.496639877727671986e-02,1.440520202803878824e-01,6.341028029011801237e-02,-2.559132075833691960e-04,-1.122909161496676023e-01,4.396382518332455497e-02,4.449440057987012753e-02,-6.709158058747183295e-02,3.839320225696130073e-02,4.580252884961646259e-02,-5.215147227645056116e-02,-4.720710156981438449e-02,4.634397421613613288e-02,-7.981816312662204371e-02,7.001143077434801576e-02,-4.584777885567738881e-02,2.952602001055432135e-02,2.468034598500851336e-03,1.862990472189526153e-02,1.484390731690762334e-02
7.652786309667476417e+00,-1.132854021465679872e-01,1.362610556264418904e-01,-7.734329937354317286e-04,5.988323412870699691e-02,-8.364003233681427396e-02,4.394255021546254053e-02,1.274649643053374082e-01,-1.282213782862802742e-01,-1.450845236931816717e-01,1.514858138793690953e-02,-2.125368519395760131e-02,1.246845308603041352e-01,8.164010721477876764e-02,5.382184945604884252e-02,4.891425334972956257e-02,-1.882011744009631088e-02,-3.910197168933639451e-03,5.070265641333526752e-02,1.215985279598525912e-02,-7.700538926712074690e-05,2.763521839017121229e-01,7.173732869595654538e-02,4.544239486841311626e-02,-9.017895543209008755e-03,-5.205552809505129691e-02,-1.156555549515956259e-02,1.502946910094846433e-01,-9.270100195908992369e-02,3.354054603848525412e-02,6.281012029136201491e-02,1.059617839488065927e-01,7.089304130011189753e-02,3.107507229006510260e-02,6.316999870278554308e-02,1.603690362263616304e-02,2.934365037057697426e-02,4.550641856043844552e-02,-4.551538879518245151e-02,5.990430456616071923e-03,-7.882027880122834118e-02,-7.500506055587127796e-02,2.694052797992649989e-02,-4.452601814103111788e-02,6.613035131683724088e-02,-7.460962492550259062e-02,-2.076496042432712883e-03,4.528889731542944108e-02,1.309729600731368918e-02,1.287800837472149497e-02
7.763872750267705847e+00,2.967502153559215157e-03,-3.075695215071500566e-01,2.207130823043767717e-02,-5.739662092036525859e-02,-5.402595685176410367e-02,-1.230037933525424537e-01,2.329095556412491275e-01,-2.084970778745945663e-01,4.283473421150637561e-01,-8.830715651272211253e-02,1.453055809269808984e-01,1.537242792284495008e-01,-1.361868662966854993e-01,1.711057389387935501e-01,-9.571271667296683827e-02,1.473147679625670670e-01,8.772207912733554283e-03,-1.058423678043303590e-01,1.153383665541738747e-02,-8.893916501324414248e-03,-6.461391079727056563e-02,7.047012500557732484e-02,1.178779531212778287e-01,-9.489594576546149518e-02,-6.028396474790338744e-02,-1.667023940608661214e-01,-2.280971474886438026e-03,-2.784873498060975658e-02,2.984597326576032827e-02,3.369455110000022652e-02,-9.344187905697289021e-02,-4.697528783206739167e-02,1.058216515727098891e-02,3.488314616053220935e-02,9.104560664948055382e-02,-6.861591817312867603e-02,-5.804772872253648186e-02,-3.955316100072762270e-02,1.621600464498876987e-02,-8.761678796692157212e-02,-7.496182857304557745e-02,2.810251334411098534e-02,3.757832976076631859e-02,1.835869734569041400e-03,-3.548187633890868831e-02,1.465979086922882847e-02,-2.761739350971528784e-03,1.012227350066998918e-02,-1.117176631540145113e-02
6.407823762107329735e+00,6.577254762099790097e-01,-1.323060312581849363e-01,-1.637220535756168105e-01,-1.217898205521693589e-01,3.115434853782609315e-01,-2.020869037210316077e-01,-2.742356036754134974e-01,-2.334399875403109781e-01,2.132401982687857911e-01,-1.132048852979991027e-01,-1.120366323370443479e-01,3.038430838761065761e-02,-8.047247869458203084e-02,-6.623786587349636545e-02,1.590015394244515545e-01,-2.054383205551884584e-01,1.164430145117759940e-01,1.001309174003019581e-01,1.002659356864474549e-01,5.132157836528915273e-02,5.452597532225391536e-02,-5.019376388219356361e-02,5.036894475230223323e-02,-5.203982728451368722e-02,8.111862577556315512e-02,-9.325439292518314383e-02,1.067506997551563065e-02,9.761905240457893762e-02,-1.252019451702018615e-01,-1.861919747679239429e-02,1.278927237110042900e-02,4.684185748496264706e-02,-6.835426513138645466e-02,-1.216749683489078693e-01,9.579465771428673226e-02,1.761907761386453386e-01,1.435260850375048025e-01,3.187942548027284523e-02,1.514005505183133558e-02,4.183227964998030568e-02,-3.722475903246173778e-02,2.986140246437777451e-02,7.236653008190684078e-02,-6.463347352053280988e-03,4.619914177401350519e-02,7.295874150493834864e-02,2.477220874464645256e-03,7.733830836656851570e-04,-6.928958073241729687e-02
7.550050341429620282e+00,-3.942857288221145173e-02,2.175753421413548772e-01,-1.133423730532928664e-01,-2.972279360174520657e-01,9.010063770467890976e-02,2.388568550729002204e-01,-1.569716767971279237e-01,5.140195109521148581e-02,1.431518528266592129e-02,-7.894353136445800279e-02,-2.495842764312925649e-02,2.247731917908320776e-01,-8.294402464451641754e-02,-9.993157643050711025e-02,-4.999910836857879987e-02,-3.352856470894338692e-02,-9.980363376867154579e-02,1.005823995731973258e-01,4.956488027490113524e-02,5.238490215438938724e-02,-6.834087762040438885e-02,-1.550476298427648503e-01,2.112224816580661191e-01,-6.469971851654218731e-02,1.959090310676366575e-01,-2.210351860858695422e-02,6.190037884289149861e-02,-2.882410658709672752e-02,-4.942469588080822436e-03,-5.870837641983881611e-02,7.506988874638380327e-02,-5.612531453583008423e-02,-8.729153447835906465e-02,-7.368109780443722612e-02,1.247332276586512155e-02,-7.056875932983296129e-02,-3.182064863626380552e-02,-2.328701331334876237e-02,-5.440081770061062916e-02,2.335731529095361886e-02,1.929067010408141991e-02,-6.094664653158239631e-02,-6.505061792451455327e-02,1.622185760740710303e-02,4.347808307502143421e-03,-7.293332429449742027e-02,-2.089162290741043704e-02,-3.450277919590376274e-02,2.838713668644161567e-02
7.422824115917483923e+00,1.786050142672108154e-01,-3.499262394724390046e-01,1.437960794054172486e-01,-4.287391393575636783e-02,-7.510364878787927079e-02,1.068149503470562783e-01,1.255941616347168999e-01,1.722538471833408996e-02,-1.258582080067897901e-01,1.161156246548118026e-01,5.113501294364747318e-02,-1.604627604705677422e-03,-1.165914902932603178e-02,-1.580217157815549667e-01,8.341336031132234874e-02,1.933568715717819825e-02,4.733887400235524401e-02,2.381477644024735871e-02,-8.570081411837110474e-02,-9.818905286428804280e-02,1.370374957962286998e-02,7.645716229838379896e-02,-4.139671525491341042e-02,-5.841203770533413137e-02,-6.272642462811159336e-02,-5.044558554433351688e-02,-1.361329401809985851e-01,-6.364096323257650845e-02,-1.057048783873453524e-01,-3.172155607777363967e-02,1.327962519637010119e-01,-2.263281818812270044e-02,9.581110497038924922e-02,-3.678694484712180524e-02,3.993212757977329663e-03,-2.140152236197181285e-02,-2.300811684592081116e-02,-5.200262280474672594e-02,-7.808479803879550540e-02,4.381179806519066439e-02,-3.700690528160581472e-02,-9.829242484375744215e-02,8.517561452585381554e-02,9.581030533834879181e-02,1.116298529947636481e-01,7.775703110771625681e-02,-1.230671190041043514e-02,9.877715080093936451e-02,3.760703316686712233e-02
7.638172733208631549e+00,-8.934742464675496376e-02,2.182172142537390780e-01,-3.414327203642865682e-01,5.410214769455521516e-02,1.416643565592921872e-01,9.054105457137298640e-02,2.689947710140298542e-01,7.651351280551794976e-02,8.612117106421646531e-03,-5.932755338605618517e-02,6.344584821721147017e-02,-1.628943383273821766e-01,2.570329781138370739e-01,-3.607511380376364485e-02,-6.523247552633222590e-02,4.103158308261890819e-02,4.795832646755800871e-02,-5.126926351986914321e-02,5.437159337926104202e-02,-8.440787738859400688e-03,-2.697003378536812039e-03,-7.323845058950943787e-02,-5.048693312084939766e-02,-4.075605329738870913e-04,-3.464088055973296026e-02,-4.261799557865091070e-02,-2.126249718577646192e-02,1.595867774954794205e-01,5.158913822109288672e-02,-8.569738204415139685e-03,7.290612490562912995e-02,4.136340910566442541e-02,-4.752199887321288674e-02,-8.107217579807540764e-02,-1.515555853035826205e-02,-3.655044325616806089e-02,5.726554440523179412e-02,2.535065927305122507e-02,-9.863044095487667751e-02,3.065792866375023282e-02,2.876524714634896146e-02,7.390294587157289312e-03,-2.849487601953866120e-02,-7.535121402026805082e-02,1.002187586107868150e-01,3.586875172287899705e-02,7.232249498782458708e-02,-6.954006785073801877e-02,-6.201449207179628165e-02
